fallo,coord,concurrencia,repeticion,warmup_seconds,measure_seconds,fault_probability,delay_seconds,usuarios_objetivo,usuarios_spawneados,requests_total,requests_fail,tasa_error,checkout_total,checkout_fail,checkout_confirmadas,tasa_abortos_checkout,codigos_http_json,latencia_p50_ms,latencia_p95_ms,latencia_p99_ms,throughput_rps,locust_cpu_pct_media,locust_cpu_pct_max,locust_mem_mb_media,locust_mem_mb_max,locust_warning_detected,locust_warning_texto,inicio_epoch,duracion_segundos
none,2pc,50,1,60.0,300.0,0.0,5.0,50,50,867,0,0.0,408,0,408,0.0,"{""200"": 459, ""201"": 409}",17000,32000,38000,2.7033578182107574,0.0,0.0,74.32,76.24,False,,1788679847.073,322.534
none,2pc,100,1,60.0,300.0,0.0,5.0,100,100,1016,60,0.059055,434,14,420,0.032258,"{""200"": 536, ""201"": 422, ""500"": 3, ""503"": 57}",32000,62000,70000,2.8377084162652237,0.0,0.0,78.87,81.48,False,,1788680417.884,360.762
none,2pc,200,1,60.0,300.0,0.0,5.0,200,200,1539,538,0.349578,521,245,276,0.47025,"{""0"": 70, ""200"": 725, ""201"": 280, ""401"": 8, ""409"": 55, ""500"": 121, ""503"": 284}",46000,89000,91000,4.185232219542808,0.0,0.0,86.22,91.12,False,,1788681110.813,370.15
none,2pc,400,1,60.0,300.0,0.0,5.0,400,400,3986,2953,0.740843,392,346,46,0.882653,"{""0"": 2424, ""200"": 987, ""201"": 46, ""401"": 193, ""409"": 1, ""500"": 28, ""503"": 307}",17000,90000,92000,10.119134785229434,0.26,50.4,106.5,112.27,False,,1788681944.963,396.445
omission,2pc,50,1,60.0,300.0,0.1,5.0,50,50,909,73,0.080308,429,73,356,0.170163,"{""200"": 480, ""201"": 357, ""500"": 73}",16000,32000,38000,2.7355408888392287,0.3,50.4,74.94,77.04,False,,1788682503.389,335.603
omission,2pc,100,1,60.0,300.0,0.1,5.0,100,100,930,75,0.080645,412,73,339,0.177184,"{""200"": 516, ""201"": 343, ""500"": 70, ""503"": 5}",35000,67000,76000,2.5529609705271854,0.0,0.0,79.01,81.8,False,,1788683067.091,366.43
omission,2pc,200,1,60.0,300.0,0.1,5.0,200,200,1394,439,0.314921,551,349,202,0.633394,"{""0"": 133, ""200"": 753, ""201"": 204, ""401"": 6, ""409"": 3, ""500"": 172, ""503"": 125}",51000,90000,90000,3.59925427621731,0.0,0.8,87.46,92.62,False,,1788683761.073,389.577
omission,2pc,400,1,60.0,300.0,0.1,5.0,400,400,3159,2128,0.673631,322,312,10,0.968944,"{""0"": 1867, ""200"": 1021, ""201"": 10, ""401"": 122, ""409"": 2, ""500"": 59, ""503"": 78}",17000,92000,92000,8.013439391090664,0.0,0.0,106.4,112.67,False,,1788684621.652,396.283
timing,2pc,50,1,60.0,300.0,0.1,5.0,50,50,857,0,0.0,403,0,403,0.0,"{""200"": 454, ""201"": 404}",17000,34000,39000,2.5894935603380396,0.0,0.0,74.65,76.52,False,,1788685188.696,334.072
timing,2pc,100,1,60.0,300.0,0.1,5.0,100,100,967,49,0.050672,418,23,395,0.055024,"{""200"": 523, ""201"": 400, ""500"": 4, ""503"": 45}",36000,64000,73000,2.5645863657850896,0.0,0.0,79.02,81.81,False,,1788685767.487,379.39
timing,2pc,200,1,60.0,300.0,0.1,5.0,200,200,1520,667,0.438816,472,292,180,0.618644,"{""0"": 124, ""200"": 673, ""201"": 181, ""401"": 14, ""500"": 116, ""503"": 413}",46000,90000,90000,3.8613549058791703,0.0,0.8,86.93,92.14,False,,1788686477.354,395.415
timing,2pc,400,1,60.0,300.0,0.1,5.0,400,400,5036,4040,0.802224,448,405,43,0.904018,"{""0"": 3610, ""200"": 953, ""201"": 44, ""401"": 177, ""500"": 63, ""503"": 191}",17000,83000,90000,12.76842667444184,0.0,0.0,107.02,112.39,False,,1788687343.604,396.314
none,saga,50,1,60.0,300.0,0.0,5.0,50,50,886,55,0.062077,398,19,379,0.047739,"{""200"": 452, ""201"": 383, ""503"": 55}",18000,30000,37000,2.633923035648118,0.0,0.0,74.78,76.55,False,,1788687922.807,338.87
none,saga,100,1,60.0,300.0,0.0,5.0,100,100,1048,55,0.052481,454,19,435,0.04185,"{""200"": 558, ""201"": 439, ""500"": 2, ""503"": 53}",32000,56000,70000,2.986122287545408,0.6,104.2,79.13,81.76,False,,1788688507.768,353.417
none,saga,200,1,60.0,300.0,0.0,5.0,200,200,1485,328,0.220875,593,230,363,0.387858,"{""0"": 46, ""200"": 794, ""201"": 364, ""401"": 16, ""409"": 5, ""500"": 94, ""503"": 167}",48000,85000,90000,3.936699479248818,0.52,97.7,86.63,91.43,False,,1788689200.693,380.471
none,saga,400,1,60.0,300.0,0.0,5.0,400,400,3524,2425,0.688138,420,378,42,0.9,"{""0"": 2109, ""200"": 1057, ""201"": 42, ""401"": 164, ""500"": 60, ""503"": 92}",17000,92000,92000,8.94078703951537,0.0,0.0,105.95,112.57,False,,1788690052.971,396.431
omission,saga,50,1,60.0,300.0,0.1,5.0,50,50,991,46,0.046418,470,46,424,0.097872,"{""200"": 521, ""201"": 424, ""500"": 47}",15000,27000,33000,3.0226777629101598,0.0,0.0,74.98,76.86,False,,1788690617.281,329.754
omission,saga,100,1,60.0,300.0,0.1,5.0,100,100,1026,46,0.044834,461,43,418,0.093275,"{""200"": 562, ""201"": 418, ""500"": 44, ""503"": 3}",32000,55000,64000,2.9439215614908227,0.6,104.2,78.83,81.27,False,,1788691191.024,352.681
omission,saga,200,1,60.0,300.0,0.1,5.0,200,200,1492,380,0.254692,596,281,315,0.471477,"{""0"": 33, ""200"": 797, ""201"": 315, ""401"": 12, ""500"": 180, ""503"": 156}",45000,83000,90000,4.040562213702528,0.0,0.0,86.54,91.83,False,,1788691872.795,371.471
omission,saga,400,1,60.0,300.0,0.1,5.0,400,400,3637,2534,0.696728,387,329,58,0.850129,"{""0"": 2116, ""200"": 1045, ""201"": 58, ""401"": 167, ""500"": 47, ""503"": 204}",17000,90000,92000,9.218941565480415,0.5,97.7,106.32,112.07,False,,1788692718.859,396.202
timing,saga,50,1,60.0,300.0,0.1,5.0,50,50,936,0,0.0,442,0,442,0.0,"{""200"": 494, ""201"": 444}",16000,27000,33000,2.9285030197558393,0.0,0.0,74.76,76.68,False,,1788693288.001,321.386
timing,saga,100,1,60.0,300.0,0.1,5.0,100,100,1080,67,0.062037,462,12,450,0.025974,"{""200"": 563, ""201"": 451, ""500"": 3, ""503"": 64}",30000,57000,68000,3.112821726000018,0.56,97.7,78.8,81.27,False,,1788693829.233,348.905
timing,saga,200,1,60.0,300.0,0.1,5.0,200,200,1448,414,0.285912,555,285,270,0.513514,"{""0"": 62, ""200"": 764, ""201"": 277, ""401"": 9, ""500"": 131, ""503"": 214}",47000,89000,90000,3.841132144809952,0.0,0.0,86.63,91.43,False,,1788694512.05,379.775
timing,saga,400,1,60.0,300.0,0.1,5.0,400,400,4123,2976,0.721805,408,327,81,0.801471,"{""0"": 2579, ""200"": 1066, ""201"": 81, ""401"": 175, ""409"": 8, ""500"": 74, ""503"": 140}",17000,90000,92000,10.457873230045793,0.0,0.0,105.81,111.39,False,,1788695365.996,396.253
none,2pc,50,2,60.0,300.0,0.0,5.0,50,50,870,0,0.0,409,0,409,0.0,"{""200"": 461, ""201"": 411}",16000,37000,45000,2.694319465983324,0.0,0.0,75.15,77.71,False,,1788695953.024,325.432
none,2pc,100,2,60.0,300.0,0.0,5.0,100,100,953,54,0.056663,403,13,390,0.032258,"{""0"": 1, ""200"": 509, ""201"": 396, ""500"": 3, ""503"": 50}",36000,66000,75000,2.609871433357607,0.0,0.0,79.22,82.34,False,,1788696512.235,367.327
none,2pc,200,2,60.0,300.0,0.0,5.0,200,200,1397,482,0.345025,503,295,208,0.586481,"{""0"": 124, ""200"": 707, ""201"": 210, ""401"": 16, ""409"": 9, ""500"": 99, ""503"": 236}",51000,90000,90000,3.7481937899866726,0.27,50.4,87.11,92.67,False,,1788697219.544,376.94
none,2pc,400,2,60.0,300.0,0.0,5.0,400,400,3535,2523,0.71372,276,258,18,0.934783,"{""0"": 2187, ""200"": 994, ""201"": 18, ""401"": 161, ""409"": 6, ""500"": 37, ""503"": 132}",17000,92000,92000,8.963868270490389,0.0,0.0,105.43,111.49,False,,1788698067.594,396.484
omission,2pc,50,2,60.0,300.0,0.1,5.0,50,50,779,29,0.037227,364,29,335,0.07967,"{""200"": 415, ""201"": 335, ""500"": 30}",20000,37000,42000,2.2945989445594153,0.0,0.0,74.84,77.14,False,,1788698633.998,342.391
omission,2pc,100,2,60.0,300.0,0.1,5.0,100,100,935,43,0.045989,417,43,374,0.103118,"{""200"": 518, ""201"": 375, ""500"": 40, ""503"": 3}",36000,65000,74000,2.617575359946976,0.0,0.8,78.74,81.9,False,,1788699219.613,359.861
omission,2pc,200,2,60.0,300.0,0.1,5.0,200,200,1414,445,0.31471,540,312,228,0.577778,"{""0"": 105, ""200"": 741, ""201"": 228, ""401"": 11, ""409"": 18, ""500"": 164, ""503"": 148}",51000,90000,90000,3.659513312285806,0.51,97.7,86.97,92.33,False,,1788699920.132,388.114
omission,2pc,400,2,60.0,300.0,0.1,5.0,400,400,3557,2480,0.697217,295,241,54,0.816949,"{""0"": 2137, ""200"": 1023, ""201"": 54, ""401"": 162, ""409"": 5, ""500"": 32, ""503"": 144}",17000,92000,92000,9.013867985820122,0.01,1.5,106.42,112.39,False,,1788700785.625,396.429
timing,2pc,50,2,60.0,300.0,0.1,5.0,50,50,795,0,0.0,372,0,372,0.0,"{""200"": 423, ""201"": 373}",18000,37000,43000,2.441111961924005,0.0,0.0,74.2,76.49,False,,1788701348.698,327.552
timing,2pc,100,2,60.0,300.0,0.1,5.0,100,100,978,65,0.066462,419,26,393,0.062053,"{""200"": 520, ""201"": 394, ""500"": 1, ""503"": 64}",33000,68000,78000,2.7091394223933722,0.0,0.0,78.55,81.13,False,,1788701908.516,363.954
timing,2pc,200,2,60.0,300.0,0.1,5.0,200,200,1460,537,0.367808,497,271,226,0.545272,"{""0"": 131, ""200"": 697, ""201"": 226, ""401"": 15, ""409"": 24, ""500"": 99, ""503"": 268}",49000,90000,90000,3.84701892258282,0.0,0.0,86.73,92.16,False,,1788702612.619,381.384
timing,2pc,400,2,60.0,300.0,0.1,5.0,400,400,3398,2464,0.725132,317,283,34,0.892744,"{""0"": 1928, ""200"": 900, ""201"": 34, ""401"": 198, ""409"": 12, ""500"": 26, ""503"": 300}",17000,92000,92000,8.631584497360045,0.0,0.0,105.71,112.16,False,,1788703467.907,396.113
none,saga,50,2,60.0,300.0,0.0,5.0,50,50,951,0,0.0,450,0,450,0.0,"{""200"": 501, ""201"": 451}",16000,29000,34000,2.807023631587442,0.58,97.7,74.66,76.88,False,,1788704048.859,340.491
none,saga,100,2,60.0,300.0,0.0,5.0,100,100,1051,9,0.008563,474,7,467,0.014768,"{""200"": 575, ""201"": 468, ""500"": 5, ""503"": 4}",31000,59000,68000,2.841998506207559,0.56,104.2,78.65,81.28,False,,1788704620.976,372.696
none,saga,200,2,60.0,300.0,0.0,5.0,200,200,1479,423,0.286004,541,227,314,0.419593,"{""0"": 44, ""200"": 742, ""201"": 315, ""401"": 6, ""500"": 92, ""503"": 281}",46000,84000,90000,3.9805766781264036,0.01,1.6,86.37,91.4,False,,1788705333.356,374.421
none,saga,400,2,60.0,300.0,0.0,5.0,400,400,3671,2630,0.716426,336,300,36,0.892857,"{""0"": 2284, ""200"": 1005, ""201"": 36, ""401"": 151, ""500"": 45, ""503"": 153}",17000,91000,92000,9.323550665525698,0.0,0.0,106.91,112.3,False,,1788706184.024,396.327
omission,saga,50,2,60.0,300.0,0.1,5.0,50,50,821,57,0.069428,385,57,328,0.148052,"{""200"": 436, ""201"": 328, ""500"": 58}",18000,34000,41000,2.4612379189318454,0.0,0.0,74.36,76.47,False,,1788706762.33,336.263
omission,saga,100,2,60.0,300.0,0.1,5.0,100,100,1040,59,0.056731,467,54,413,0.115632,"{""200"": 568, ""201"": 413, ""500"": 51, ""503"": 9}",33000,58000,68000,2.8288154636099216,0.0,0.0,78.86,81.33,False,,1788707323.07,370.906
omission,saga,200,2,60.0,300.0,0.1,5.0,200,200,1519,561,0.369322,547,336,211,0.61426,"{""0"": 53, ""200"": 747, ""201"": 211, ""401"": 6, ""500"": 226, ""503"": 276}",46000,86000,90000,3.938605830513775,0.0,0.0,86.87,91.63,False,,1788708031.324,387.164
omission,saga,400,2,60.0,300.0,0.1,5.0,400,400,3219,2258,0.70146,272,264,8,0.970588,"{""0"": 2048, ""200"": 953, ""201"": 8, ""401"": 149, ""409"": 4, ""500"": 19, ""503"": 38}",17000,92000,92000,8.166889202152637,0.0,0.8,105.08,111.22,False,,1788708891.418,396.214
timing,saga,50,2,60.0,300.0,0.1,5.0,50,50,857,0,0.0,403,0,403,0.0,"{""200"": 454, ""201"": 404}",17000,34000,41000,2.6217771522818087,0.6,97.7,74.59,76.52,False,,1788709457.371,329.28
timing,saga,100,2,60.0,300.0,0.1,5.0,100,100,1032,79,0.07655,439,26,413,0.059226,"{""0"": 1, ""200"": 540, ""201"": 414, ""500"": 6, ""503"": 72}",32000,63000,75000,2.831945946196436,0.0,0.0,79.37,81.96,False,,1788710010.019,367.098
timing,saga,200,2,60.0,300.0,0.1,5.0,200,200,1459,337,0.23098,585,250,335,0.42735,"{""0"": 58, ""200"": 787, ""201"": 336, ""401"": 12, ""409"": 1, ""500"": 135, ""503"": 132}",49000,88000,90000,3.7392969650177554,0.5,97.7,86.87,91.82,False,,1788710716.789,392.863
timing,saga,400,2,60.0,300.0,0.1,5.0,400,400,3454,2417,0.699768,305,293,12,0.960656,"{""0"": 2140, ""200"": 1025, ""201"": 12, ""401"": 185, ""500"": 52, ""503"": 42}",17000,92000,92000,8.796834983747189,0.0,0.0,105.81,111.64,False,,1788711590.965,396.173
none,2pc,50,3,60.0,300.0,0.0,5.0,50,50,773,0,0.0,361,0,361,0.0,"{""200"": 412, ""201"": 362}",18000,47000,61000,2.3590498783120006,0.6,97.7,74.73,76.46,False,,1788712174.531,330.458
none,2pc,100,3,60.0,300.0,0.0,5.0,100,100,920,8,0.008696,409,7,402,0.017115,"{""0"": 2, ""200"": 510, ""201"": 403, ""500"": 2, ""503"": 4}",33000,73000,83000,2.628648738799298,0.0,0.0,78.5,81.63,False,,1788712724.835,351.643
none,2pc,200,3,60.0,300.0,0.0,5.0,200,200,1458,558,0.382716,537,376,161,0.700186,"{""0"": 128, ""200"": 739, ""201"": 162, ""401"": 23, ""409"": 12, ""500"": 79, ""503"": 316}",48000,90000,90000,4.059987632434029,0.0,0.0,86.46,92.09,False,,1788713424.904,363.9
none,2pc,400,3,60.0,300.0,0.0,5.0,400,400,4462,3545,0.794487,400,328,72,0.82,"{""0"": 3196, ""200"": 845, ""201"": 72, ""401"": 198, ""409"": 10, ""500"": 70, ""503"": 71}",17000,90000,92000,11.308461182829092,0.0,0.0,105.62,110.91,False,,1788714268.59,396.219
omission,2pc,50,3,60.0,300.0,0.1,5.0,50,50,844,83,0.098341,389,68,321,0.174807,"{""200"": 440, ""201"": 322, ""500"": 42, ""503"": 41}",18000,34000,41000,2.6020004477184826,0.0,0.0,74.47,77.18,False,,1788714831.89,327.704
omission,2pc,100,3,60.0,300.0,0.1,5.0,100,100,888,86,0.096847,392,84,308,0.214286,"{""0"": 14, ""200"": 494, ""201"": 308, ""500"": 69, ""503"": 5}",34000,72000,90000,2.6295023971027858,0.0,0.0,78.74,82.12,False,,1788715386.969,340.273
omission,2pc,200,3,60.0,300.0,0.1,5.0,200,200,1429,440,0.307908,558,329,229,0.589606,"{""0"": 79, ""200"": 760, ""201"": 229, ""401"": 19, ""409"": 32, ""500"": 137, ""503"": 175}",48000,90000,90000,4.068126556841004,0.0,0.0,85.39,90.57,False,,1788716074.315,353.777
omission,2pc,400,3,60.0,300.0,0.1,5.0,400,400,3496,2509,0.717677,323,294,29,0.910217,"{""0"": 1996, ""200"": 958, ""201"": 29, ""401"": 152, ""500"": 44, ""503"": 317}",17000,92000,92000,8.866954036065412,0.53,104.2,104.62,110.2,False,,1788716897.458,396.148
timing,2pc,50,3,60.0,300.0,0.1,5.0,50,50,742,0,0.0,345,0,345,0.0,"{""200"": 397, ""201"": 347}",20000,41000,58000,2.210456666213643,0.0,0.0,74.81,77.2,False,,1788717466.523,337.642
timing,2pc,100,3,60.0,300.0,0.1,5.0,100,100,936,78,0.083333,390,26,364,0.066667,"{""0"": 1, ""200"": 494, ""201"": 368, ""500"": 13, ""503"": 64}",36000,68000,79000,2.4837093602891755,0.0,0.0,78.9,81.62,False,,1788718049.156,379.606
timing,2pc,200,3,60.0,300.0,0.1,5.0,200,200,1451,598,0.41213,500,349,151,0.698,"{""0"": 102, ""200"": 702, ""201"": 152, ""401"": 12, ""409"": 35, ""500"": 127, ""503"": 322}",46000,90000,90000,4.358878077049789,0.0,0.0,85.65,91.66,False,,1788718781.127,344.639
timing,2pc,400,3,60.0,300.0,0.1,5.0,400,400,3027,1996,0.659399,286,248,38,0.867133,"{""0"": 1681, ""200"": 994, ""201"": 38, ""401"": 140, ""409"": 7, ""500"": 28, ""503"": 141}",17000,92000,92000,7.673964348192349,0.0,0.8,105.37,111.21,False,,1788719607.701,396.237
none,saga,50,3,60.0,300.0,0.0,5.0,50,50,948,239,0.25211,357,56,301,0.156863,"{""200"": 408, ""201"": 302, ""500"": 1, ""503"": 238}",16000,34000,42000,2.8849841336981425,0.0,0.0,75.17,77.68,False,,1788720185.009,331.035
none,saga,100,3,60.0,300.0,0.0,5.0,100,100,935,13,0.013904,412,7,405,0.01699,"{""200"": 517, ""201"": 410, ""500"": 6, ""503"": 7}",36000,65000,77000,2.52770546652689,0.0,0.0,78.47,81.21,False,,1788720761.882,372.67
none,saga,200,3,60.0,300.0,0.0,5.0,200,200,1442,582,0.403606,490,327,163,0.667347,"{""0"": 97, ""200"": 697, ""201"": 168, ""401"": 15, ""500"": 145, ""503"": 326}",47000,90000,90000,3.960419482930024,0.0,0.0,85.75,90.68,False,,1788721478.311,366.717
none,saga,400,3,60.0,300.0,0.0,5.0,400,400,3254,2036,0.625691,447,373,74,0.834452,"{""0"": 1628, ""200"": 1144, ""201"": 74, ""401"": 170, ""500"": 26, ""503"": 212}",25000,92000,92000,8.276557080821023,0.5,97.7,104.87,110.94,False,,1788722322.159,396.329
omission,saga,50,3,60.0,300.0,0.1,5.0,50,50,814,38,0.046683,381,38,343,0.099738,"{""200"": 433, ""201"": 344, ""500"": 39}",18000,33000,39000,2.505758793975057,0.0,0.0,74.97,77.34,False,,1788722904.915,328.463
omission,saga,100,3,60.0,300.0,0.1,5.0,100,100,783,77,0.09834,331,59,272,0.178248,"{""0"": 11, ""200"": 434, ""201"": 272, ""500"": 44, ""503"": 25}",42000,82000,90000,2.2189102418648488,0.0,0.0,78.39,80.97,False,,1788723483.242,354.689
omission,saga,200,3,60.0,300.0,0.1,5.0,200,200,1485,485,0.326599,564,329,235,0.583333,"{""0"": 47, ""200"": 765, ""201"": 236, ""401"": 14, ""409"": 1, ""500"": 198, ""503"": 225}",48000,85000,90000,4.035618990846747,0.0,0.0,85.91,90.31,False,,1788724190.577,371.492
omission,saga,400,3,60.0,300.0,0.1,5.0,400,400,2977,1880,0.631508,373,346,27,0.927614,"{""0"": 1573, ""200"": 1070, ""201"": 27, ""401"": 157, ""409"": 16, ""500"": 48, ""503"": 87}",25000,92000,92000,7.56438389356175,0.0,0.0,104.63,111.28,False,,1788725032.587,396.145
timing,saga,50,3,60.0,300.0,0.1,5.0,50,50,895,0,0.0,422,0,422,0.0,"{""200"": 473, ""201"": 423}",16000,31000,39000,2.809412959585867,0.0,0.0,74.94,77.31,False,,1788725606.323,321.724
timing,saga,100,3,60.0,300.0,0.1,5.0,100,100,1076,7,0.006506,485,3,482,0.006186,"{""200"": 587, ""201"": 484, ""500"": 1, ""503"": 6}",30000,56000,69000,3.0655757873773393,0.0,0.0,78.66,81.32,False,,1788726162.245,354.121
timing,saga,200,3,60.0,300.0,0.1,5.0,200,200,1477,498,0.33717,551,324,227,0.588022,"{""0"": 69, ""200"": 752, ""201"": 228, ""401"": 6, ""500"": 175, ""503"": 248}",48000,90000,90000,3.923641430272892,0.52,97.7,86.07,90.57,False,,1788726844.57,377.936
timing,saga,400,3,60.0,300.0,0.1,5.0,400,400,4424,3380,0.764014,462,390,72,0.844156,"{""0"": 2946, ""200"": 972, ""201"": 72, ""401"": 180, ""500"": 56, ""503"": 198}",17000,90000,90000,11.23138876589321,0.5,97.7,105.91,110.92,False,,1788727698.205,396.143
none,2pc,50,4,60.0,300.0,0.0,5.0,50,50,877,0,0.0,412,0,412,0.0,"{""200"": 465, ""201"": 415}",17000,36000,46000,2.664198915435705,0.0,0.0,74.81,77.0,False,,1788728274.023,332.282
none,2pc,100,4,60.0,300.0,0.0,5.0,100,100,1021,55,0.053869,442,19,423,0.042986,"{""0"": 1, ""200"": 543, ""201"": 424, ""500"": 3, ""503"": 51}",33000,62000,75000,2.7755473207882466,0.53,97.7,79.11,81.66,False,,1788728851.453,370.49
none,2pc,200,4,60.0,300.0,0.0,5.0,200,200,1449,558,0.385093,504,318,186,0.630952,"{""0"": 97, ""200"": 705, ""201"": 187, ""401"": 16, ""409"": 24, ""500"": 107, ""503"": 314}",49000,90000,90000,4.011145742659404,0.0,0.0,86.14,91.04,False,,1788729561.199,363.026
none,2pc,400,4,60.0,300.0,0.0,5.0,400,400,3263,2357,0.722341,282,266,16,0.943262,"{""0"": 1843, ""200"": 891, ""201"": 16, ""401"": 152, ""409"": 10, ""500"": 18, ""503"": 335}",17000,92000,92000,8.274562972367608,0.0,0.0,105.13,111.21,False,,1788730395.314,396.386
omission,2pc,50,4,60.0,300.0,0.1,5.0,50,50,866,106,0.122402,389,69,320,0.177378,"{""200"": 440, ""201"": 320, ""500"": 46, ""503"": 61}",18000,36000,46000,2.552984174377069,0.57,97.7,74.77,77.0,False,,1788730962.003,342.262
omission,2pc,100,4,60.0,300.0,0.1,5.0,100,100,880,57,0.064773,385,53,332,0.137662,"{""0"": 12, ""200"": 491, ""201"": 338, ""409"": 3, ""500"": 40, ""503"": 2}",38000,73000,90000,2.458488152308043,0.0,0.0,78.1,81.16,False,,1788731544.383,360.287
omission,2pc,200,4,60.0,300.0,0.1,5.0,200,200,1385,490,0.353791,494,315,179,0.637652,"{""0"": 122, ""200"": 716, ""201"": 184, ""401"": 20, ""409"": 3, ""500"": 146, ""503"": 202}",53000,90000,92000,3.5200513964944644,0.0,0.0,86.73,91.62,False,,1788732260.357,396.062
omission,2pc,400,4,60.0,300.0,0.1,5.0,400,400,3469,2518,0.725858,244,241,3,0.987705,"{""0"": 2104, ""200"": 948, ""201"": 3, ""401"": 181, ""409"": 1, ""500"": 22, ""503"": 210}",17000,92000,92000,8.834955783124842,0.53,104.2,105.36,111.25,False,,1788733125.48,396.142
timing,2pc,50,4,60.0,300.0,0.1,5.0,50,50,779,0,0.0,364,0,364,0.0,"{""200"": 415, ""201"": 365}",18000,40000,47000,2.3358116230687154,0.01,1.6,75.17,77.34,False,,1788733688.203,336.313
timing,2pc,100,4,60.0,300.0,0.1,5.0,100,100,951,148,0.155626,393,84,309,0.21374,"{""0"": 15, ""200"": 494, ""201"": 310, ""409"": 3, ""500"": 24, ""503"": 106}",35000,73000,90000,2.600656032476427,0.0,0.0,78.29,80.8,False,,1788734273.482,368.188
timing,2pc,200,4,60.0,300.0,0.1,5.0,200,200,1682,920,0.546968,449,337,112,0.750557,"{""0"": 98, ""200"": 650, ""201"": 113, ""401"": 16, ""409"": 2, ""500"": 101, ""503"": 703}",37000,90000,90000,4.666719132384647,0.58,104.2,85.79,90.26,False,,1788734979.146,365.774
timing,2pc,400,4,60.0,300.0,0.1,5.0,400,400,3220,2263,0.702795,258,245,13,0.949612,"{""0"": 1452, ""200"": 944, ""201"": 13, ""401"": 168, ""500"": 25, ""503"": 618}",30000,92000,92000,8.162376101032008,0.0,0.0,105.06,110.05,False,,1788735824.778,396.308
none,saga,50,4,60.0,300.0,0.0,5.0,50,50,936,0,0.0,442,0,442,0.0,"{""200"": 494, ""201"": 444}",17000,29000,34000,2.769337303785556,0.0,0.0,74.8,77.22,False,,1788736411.676,340.229
none,saga,100,4,60.0,300.0,0.0,5.0,100,100,1070,42,0.039252,471,15,456,0.031847,"{""0"": 1, ""200"": 572, ""201"": 457, ""500"": 2, ""503"": 39}",31000,55000,64000,2.937926302152718,0.58,104.2,77.98,80.33,False,,1788736982.552,366.015
none,saga,200,4,60.0,300.0,0.0,5.0,200,200,1487,657,0.441829,436,243,193,0.557339,"{""0"": 101, ""200"": 637, ""201"": 194, ""401"": 10, ""409"": 2, ""500"": 83, ""503"": 461}",45000,90000,90000,4.000836547933359,0.0,0.0,85.72,89.73,False,,1788737687.718,373.885
none,saga,400,4,60.0,300.0,0.0,5.0,400,400,3826,2843,0.743074,306,289,17,0.944444,"{""0"": 2572, ""200"": 967, ""201"": 18, ""401"": 167, ""500"": 23, ""503"": 83}",17000,90000,92000,9.710640518984558,0.0,0.0,106.37,112.42,False,,1788738539.13,396.587
omission,saga,50,4,60.0,300.0,0.1,5.0,50,50,923,93,0.100758,436,93,343,0.213303,"{""200"": 487, ""201"": 343, ""500"": 94}",16000,30000,39000,2.7357259229785487,0.0,0.0,75.18,77.43,False,,1788739113.028,344.079
omission,saga,100,4,60.0,300.0,0.1,5.0,100,100,990,42,0.042424,442,39,403,0.088235,"{""200"": 545, ""201"": 406, ""500"": 38, ""503"": 4}",34000,60000,69000,2.7116922446538574,0.0,0.0,78.21,80.9,False,,1788739696.231,367.218
omission,saga,200,4,60.0,300.0,0.1,5.0,200,200,1427,501,0.351086,503,284,219,0.564612,"{""0"": 71, ""200"": 707, ""201"": 219, ""401"": 4, ""500"": 168, ""503"": 262}",51000,89000,90000,3.8012144906065464,0.0,0.0,86.14,90.41,False,,1788740377.799,377.164
omission,saga,400,4,60.0,300.0,0.1,5.0,400,400,3185,2119,0.665306,394,372,22,0.944162,"{""0"": 1673, ""200"": 1044, ""201"": 22, ""401"": 183, ""500"": 33, ""503"": 230}",17000,92000,92000,8.09579526088,0.5,97.7,106.11,112.84,False,,1788741234.593,396.136
timing,saga,50,4,60.0,300.0,0.1,5.0,50,50,840,42,0.05,380,16,364,0.042105,"{""200"": 434, ""201"": 368, ""503"": 42}",18000,34000,40000,2.4822197553564407,0.58,97.7,74.98,76.99,False,,1788741798.79,341.369
timing,saga,100,4,60.0,300.0,0.1,5.0,100,100,944,15,0.01589,417,7,410,0.016787,"{""0"": 1, ""200"": 519, ""201"": 412, ""500"": 2, ""503"": 12}",36000,64000,73000,2.5357628392003098,0.53,97.7,78.12,80.5,False,,1788742383.291,374.004
timing,saga,200,4,60.0,300.0,0.1,5.0,200,200,1418,312,0.220028,559,213,346,0.381038,"{""0"": 50, ""200"": 760, ""201"": 347, ""401"": 8, ""500"": 114, ""503"": 140}",50000,86000,90000,3.659150222121246,0.0,0.0,86.63,91.74,False,,1788743094.756,389.192
timing,saga,400,4,60.0,300.0,0.1,5.0,400,400,3294,2261,0.6864,239,218,21,0.912134,"{""0"": 1835, ""200"": 1012, ""201"": 21, ""401"": 195, ""409"": 10, ""500"": 19, ""503"": 202}",17000,92000,92000,8.351683816435658,0.0,0.0,106.04,112.08,False,,1788743981.166,396.247
none,2pc,50,5,60.0,300.0,0.0,5.0,50,50,681,0,0.0,315,0,315,0.0,"{""200"": 366, ""201"": 316}",21000,44000,56000,2.023902406966625,0.0,0.0,74.9,76.9,False,,1788744559.423,339.915
none,2pc,100,5,60.0,300.0,0.0,5.0,100,100,843,84,0.099644,366,76,290,0.20765,"{""0"": 30, ""200"": 469, ""201"": 293, ""409"": 6, ""500"": 43, ""503"": 5}",36000,86000,90000,2.3601315380086034,0.0,0.0,78.58,81.8,False,,1788745133.111,359.734
none,2pc,200,5,60.0,300.0,0.0,5.0,200,200,1422,562,0.395218,501,356,145,0.710579,"{""0"": 136, ""200"": 715, ""201"": 145, ""401"": 16, ""409"": 31, ""500"": 135, ""503"": 244}",51000,90000,92000,3.6158234647243135,0.0,0.8,86.66,91.58,False,,1788745835.736,396.04
none,2pc,400,5,60.0,300.0,0.0,5.0,400,400,3021,2020,0.668653,353,333,20,0.943343,"{""0"": 1702, ""200"": 981, ""201"": 20, ""401"": 86, ""409"": 4, ""500"": 14, ""503"": 214}",22000,92000,92000,7.661443678014493,0.0,0.0,106.48,111.07,False,,1788746714.269,396.248
omission,2pc,50,5,60.0,300.0,0.1,5.0,50,50,709,62,0.087447,317,38,279,0.119874,"{""200"": 368, ""201"": 279, ""500"": 22, ""503"": 41}",20000,42000,49000,2.1563279153756474,0.0,0.0,74.32,76.35,False,,1788747285.644,332.745
omission,2pc,100,5,60.0,300.0,0.1,5.0,100,100,901,70,0.077691,386,46,340,0.119171,"{""0"": 2, ""200"": 491, ""201"": 344, ""500"": 35, ""503"": 34}",35000,68000,83000,2.613714692653251,0.01,1.6,78.81,82.12,False,,1788747853.605,346.856
omission,2pc,200,5,60.0,300.0,0.1,5.0,200,200,1367,552,0.403804,473,334,139,0.706131,"{""0"": 137, ""200"": 676, ""201"": 141, ""401"": 16, ""409"": 20, ""500"": 158, ""503"": 222}",52000,90000,90000,3.661850512671654,0.0,0.0,86.16,91.07,False,,1788748541.593,378.181
omission,2pc,400,5,60.0,300.0,0.1,5.0,400,400,4084,3056,0.748286,409,355,54,0.867971,"{""0"": 2708, ""200"": 974, ""201"": 58, ""401"": 215, ""500"": 47, ""503"": 86}",17000,90000,92000,10.382687799011146,0.5,97.7,106.71,112.29,False,,1788749428.959,396.177
timing,2pc,50,5,60.0,300.0,0.1,5.0,50,50,842,40,0.047506,387,23,364,0.059432,"{""200"": 438, ""201"": 365, ""503"": 40}",17000,37000,42000,2.440810741566119,0.0,0.0,75.15,77.27,False,,1788750003.829,347.165
timing,2pc,100,5,60.0,300.0,0.1,5.0,100,100,925,48,0.051892,398,20,378,0.050251,"{""200"": 499, ""201"": 379, ""503"": 48}",39000,73000,83000,2.3826346878856444,0.54,104.2,79.15,81.89,False,,1788750590.675,389.928
timing,2pc,200,5,60.0,300.0,0.1,5.0,200,200,1375,565,0.410909,494,380,114,0.769231,"{""0"": 140, ""200"": 696, ""201"": 115, ""401"": 14, ""409"": 13, ""500"": 139, ""503"": 260}",52000,90000,91000,3.6032133579042793,0.0,0.0,86.38,92.0,False,,1788751323.811,384.498
timing,2pc,400,5,60.0,300.0,0.1,5.0,400,400,5005,4307,0.860539,283,235,48,0.830389,"{""0"": 3995, ""200"": 650, ""201"": 48, ""401"": 162, ""500"": 20, ""503"": 134}",17000,81000,92000,12.721558164731507,0.0,0.0,105.76,110.44,False,,1788752186.858,396.143
none,saga,50,5,60.0,300.0,0.0,5.0,50,50,853,99,0.116061,361,20,341,0.055402,"{""200"": 413, ""201"": 343, ""503"": 99}",18000,35000,45000,2.604167797929295,0.0,0.0,75.09,77.24,False,,1788752756.828,329.742
none,saga,100,5,60.0,300.0,0.0,5.0,100,100,938,4,0.004264,415,2,413,0.004819,"{""200"": 521, ""201"": 419, ""503"": 4}",35000,62000,74000,2.67279873416319,0.6,104.2,77.76,80.33,False,,1788753314.899,353.221
none,saga,200,5,60.0,300.0,0.0,5.0,200,200,1515,600,0.39604,488,263,225,0.538934,"{""0"": 82, ""200"": 690, ""201"": 225, ""401"": 20, ""409"": 1, ""500"": 117, ""503"": 382}",47000,90000,90000,3.935437776443969,0.51,97.7,86.34,91.09,False,,1788754011.924,387.439
none,saga,400,5,60.0,300.0,0.0,5.0,400,400,3900,3361,0.861795,29,11,18,0.37931,"{""0"": 2011, ""200"": 521, ""201"": 18, ""401"": 170, ""409"": 950, ""500"": 3, ""503"": 229}",17000,83000,90000,10.2093783837577,0.0,0.0,104.24,109.14,False,,1788754882.006,384.18
omission,saga,50,5,60.0,300.0,0.1,5.0,50,50,600,58,0.096667,268,45,223,0.16791,"{""0"": 2, ""200"": 319, ""201"": 223, ""500"": 31, ""503"": 26}",24000,59000,75000,1.827446302838671,0.0,0.0,74.51,76.66,False,,1788755602.852,333.027
omission,saga,100,5,60.0,300.0,0.1,5.0,100,100,952,85,0.089286,423,82,341,0.193853,"{""0"": 1, ""200"": 526, ""201"": 344, ""500"": 80, ""503"": 4}",34000,61000,73000,2.6384504618525297,0.0,0.0,78.68,81.64,False,,1788756169.887,363.72
omission,saga,200,5,60.0,300.0,0.1,5.0,200,200,1426,544,0.381487,489,300,189,0.613497,"{""0"": 123, ""200"": 693, ""201"": 189, ""401"": 25, ""409"": 23, ""500"": 173, ""503"": 204}",50000,90000,92000,3.7478536940067677,0.52,97.7,86.24,90.97,False,,1788756867.725,383.644
omission,saga,400,5,60.0,300.0,0.1,5.0,400,400,3804,2799,0.735804,309,266,43,0.860841,"{""0"": 2416, ""200"": 962, ""201"": 43, ""401"": 172, ""500"": 18, ""503"": 193}",17000,90000,92000,9.645329573225148,0.5,97.7,106.31,112.13,False,,1788757726.866,396.095
timing,saga,50,5,60.0,300.0,0.1,5.0,50,50,839,0,0.0,394,0,394,0.0,"{""200"": 445, ""201"": 395}",18000,33000,40000,2.5876853524800727,0.6,97.7,74.93,77.11,False,,1788758300.308,328.736
timing,saga,100,5,60.0,300.0,0.1,5.0,100,100,1010,76,0.075248,427,22,405,0.051522,"{""0"": 2, ""200"": 529, ""201"": 407, ""500"": 2, ""503"": 72}",32000,60000,71000,2.8512589717967636,0.0,0.0,79.09,81.67,False,,1788758879.859,357.398
timing,saga,200,5,60.0,300.0,0.1,5.0,200,200,1395,413,0.296057,518,256,262,0.494208,"{""0"": 90, ""200"": 720, ""201"": 263, ""401"": 7, ""500"": 94, ""503"": 223}",51000,90000,90000,3.614439439297557,0.0,0.0,86.55,91.27,False,,1788759565.652,388.812
timing,saga,400,5,60.0,300.0,0.1,5.0,400,400,3998,3058,0.764882,305,265,40,0.868852,"{""0"": 2724, ""200"": 901, ""201"": 40, ""401"": 174, ""409"": 1, ""500"": 29, ""503"": 131}",17000,90000,92000,10.137338221032744,0.26,50.4,107.02,112.45,False,,1788760437.579,396.234
