fallo,coord,concurrencia,repeticion,warmup_seconds,measure_seconds,fault_probability,delay_seconds,usuarios_objetivo,usuarios_spawneados,requests_total,requests_fail,tasa_error,checkout_total,checkout_fail,checkout_confirmadas,tasa_abortos_checkout,codigos_http_json,latencia_p50_ms,latencia_p95_ms,latencia_p99_ms,throughput_rps,locust_cpu_pct_media,locust_cpu_pct_max,locust_mem_mb_media,locust_mem_mb_max,locust_warning_detected,locust_warning_texto,inicio_epoch,duracion_segundos,inicio_utc,fin_utc,ordenes_persistidas,ordenes_sin_factura,facturas_importe_distinto,orden_factura_lineas_distintas,orden_factura_estado,ordenes_stock_ausente_o_distinto,ordenes_descuento_duplicado,inventario_exactamente_una_vez_estado,eventos_stock_negativo,stock_no_negativo_estado,outbox_procesados_saga,outbox_no_resueltos_saga,convergencia_compensacion_ms,convergencia_compensacion_estado,cancelados_compensados_estado,inconsistencias,ordenes_con_inconsistencia,tasa_inconsistencia,oracle_pass
none,2pc,50,1,60.0,300.0,0.0,5.0,50,50,867,0,0.0,408,0,408,0.0,"{""200"": 459, ""201"": 409}",17000,32000,38000,2.7033578182107574,0.0,0.0,74.32,76.24,False,,1788679847.073,322.534,2026-09-06T07:30:47.073000+00:00,2026-09-06T07:36:09.607000+00:00,409,0,0,0,verificado_sin_violaciones,0,0,verificado_sin_violaciones,0,verificado_sin_violaciones,no_aplica,no_aplica,no_aplica,no_aplica,no_verificado,0,0,0.0,no_verificado
none,2pc,100,1,60.0,300.0,0.0,5.0,100,100,1016,60,0.059055,434,14,420,0.032258,"{""200"": 536, ""201"": 422, ""500"": 3, ""503"": 57}",32000,62000,70000,2.8377084162652237,0.0,0.0,78.87,81.48,False,,1788680417.884,360.762,2026-09-06T07:40:17.884000+00:00,2026-09-06T07:46:18.646000+00:00,425,3,0,0,verificado_con_violaciones,3,0,verificado_con_violaciones,0,verificado_sin_violaciones,no_aplica,no_aplica,no_aplica,no_aplica,no_verificado,3,3,0.007059,false
none,2pc,200,1,60.0,300.0,0.0,5.0,200,200,1539,538,0.349578,521,245,276,0.47025,"{""0"": 70, ""200"": 725, ""201"": 280, ""401"": 8, ""409"": 55, ""500"": 121, ""503"": 284}",46000,89000,91000,4.185232219542808,0.0,0.0,86.22,91.12,False,,1788681110.813,370.15,2026-09-06T07:51:50.813000+00:00,2026-09-06T07:58:00.963000+00:00,399,75,0,0,verificado_con_violaciones,75,0,verificado_con_violaciones,0,verificado_sin_violaciones,no_aplica,no_aplica,no_aplica,no_aplica,no_verificado,75,75,0.18797,false
none,2pc,400,1,60.0,300.0,0.0,5.0,400,400,3986,2953,0.740843,392,346,46,0.882653,"{""0"": 2424, ""200"": 987, ""201"": 46, ""401"": 193, ""409"": 1, ""500"": 28, ""503"": 307}",17000,90000,92000,10.119134785229434,0.26,50.4,106.5,112.27,False,,1788681944.963,396.445,2026-09-06T08:05:44.963000+00:00,2026-09-06T08:12:21.408000+00:00,240,49,0,0,verificado_con_violaciones,49,0,verificado_con_violaciones,0,verificado_sin_violaciones,no_aplica,no_aplica,no_aplica,no_aplica,no_verificado,49,49,0.204167,false
omission,2pc,50,1,60.0,300.0,0.1,5.0,50,50,909,73,0.080308,429,73,356,0.170163,"{""200"": 480, ""201"": 357, ""500"": 73}",16000,32000,38000,2.7355408888392287,0.3,50.4,74.94,77.04,False,,1788682503.389,335.603,2026-09-06T08:15:03.389000+00:00,2026-09-06T08:20:38.992000+00:00,430,73,0,0,verificado_con_violaciones,73,0,verificado_con_violaciones,0,verificado_sin_violaciones,no_aplica,no_aplica,no_aplica,no_aplica,no_verificado,73,73,0.169767,false
omission,2pc,100,1,60.0,300.0,0.1,5.0,100,100,930,75,0.080645,412,73,339,0.177184,"{""200"": 516, ""201"": 343, ""500"": 70, ""503"": 5}",35000,67000,76000,2.5529609705271854,0.0,0.0,79.01,81.8,False,,1788683067.091,366.43,2026-09-06T08:24:27.091000+00:00,2026-09-06T08:30:33.521000+00:00,410,67,0,0,verificado_con_violaciones,67,0,verificado_con_violaciones,0,verificado_sin_violaciones,no_aplica,no_aplica,no_aplica,no_aplica,no_verificado,67,67,0.163415,false
omission,2pc,200,1,60.0,300.0,0.1,5.0,200,200,1394,439,0.314921,551,349,202,0.633394,"{""0"": 133, ""200"": 753, ""201"": 204, ""401"": 6, ""409"": 3, ""500"": 172, ""503"": 125}",51000,90000,90000,3.59925427621731,0.0,0.8,87.46,92.62,False,,1788683761.073,389.577,2026-09-06T08:36:01.073000+00:00,2026-09-06T08:42:30.650000+00:00,448,122,0,0,verificado_con_violaciones,122,0,verificado_con_violaciones,0,verificado_sin_violaciones,no_aplica,no_aplica,no_aplica,no_aplica,no_verificado,122,122,0.272321,false
omission,2pc,400,1,60.0,300.0,0.1,5.0,400,400,3159,2128,0.673631,322,312,10,0.968944,"{""0"": 1867, ""200"": 1021, ""201"": 10, ""401"": 122, ""409"": 2, ""500"": 59, ""503"": 78}",17000,92000,92000,8.013439391090664,0.0,0.0,106.4,112.67,False,,1788684621.652,396.283,2026-09-06T08:50:21.652000+00:00,2026-09-06T08:56:57.935000+00:00,262,177,0,0,verificado_con_violaciones,177,0,verificado_con_violaciones,0,verificado_sin_violaciones,no_aplica,no_aplica,no_aplica,no_aplica,no_verificado,177,177,0.675573,false
timing,2pc,50,1,60.0,300.0,0.1,5.0,50,50,857,0,0.0,403,0,403,0.0,"{""200"": 454, ""201"": 404}",17000,34000,39000,2.5894935603380396,0.0,0.0,74.65,76.52,False,,1788685188.696,334.072,2026-09-06T08:59:48.696000+00:00,2026-09-06T09:05:22.768000+00:00,404,0,0,0,verificado_sin_violaciones,0,0,verificado_sin_violaciones,0,verificado_sin_violaciones,no_aplica,no_aplica,no_aplica,no_aplica,no_verificado,0,0,0.0,no_verificado
timing,2pc,100,1,60.0,300.0,0.1,5.0,100,100,967,49,0.050672,418,23,395,0.055024,"{""200"": 523, ""201"": 400, ""500"": 4, ""503"": 45}",36000,64000,73000,2.5645863657850896,0.0,0.0,79.02,81.81,False,,1788685767.487,379.39,2026-09-06T09:09:27.487000+00:00,2026-09-06T09:15:46.877000+00:00,404,4,0,0,verificado_con_violaciones,4,0,verificado_con_violaciones,0,verificado_sin_violaciones,no_aplica,no_aplica,no_aplica,no_aplica,no_verificado,4,4,0.009901,false
timing,2pc,200,1,60.0,300.0,0.1,5.0,200,200,1520,667,0.438816,472,292,180,0.618644,"{""0"": 124, ""200"": 673, ""201"": 181, ""401"": 14, ""500"": 116, ""503"": 413}",46000,90000,90000,3.8613549058791703,0.0,0.8,86.93,92.14,False,,1788686477.354,395.415,2026-09-06T09:21:17.354000+00:00,2026-09-06T09:27:52.769000+00:00,374,98,0,0,verificado_con_violaciones,98,0,verificado_con_violaciones,0,verificado_sin_violaciones,no_aplica,no_aplica,no_aplica,no_aplica,no_verificado,98,98,0.262032,false
timing,2pc,400,1,60.0,300.0,0.1,5.0,400,400,5036,4040,0.802224,448,405,43,0.904018,"{""0"": 3610, ""200"": 953, ""201"": 44, ""401"": 177, ""500"": 63, ""503"": 191}",17000,83000,90000,12.76842667444184,0.0,0.0,107.02,112.39,False,,1788687343.604,396.314,2026-09-06T09:35:43.604000+00:00,2026-09-06T09:42:19.918000+00:00,272,55,0,0,verificado_con_violaciones,55,0,verificado_con_violaciones,0,verificado_sin_violaciones,no_aplica,no_aplica,no_aplica,no_aplica,no_verificado,55,55,0.202206,false
none,saga,50,1,60.0,300.0,0.0,5.0,50,50,886,55,0.062077,398,19,379,0.047739,"{""200"": 452, ""201"": 383, ""503"": 55}",18000,30000,37000,2.633923035648118,0.0,0.0,74.78,76.55,False,,1788687922.807,338.87,2026-09-06T09:45:22.807000+00:00,2026-09-06T09:51:01.677000+00:00,383,0,0,0,verificado_sin_violaciones,0,0,verificado_sin_violaciones,0,verificado_sin_violaciones,382,1,784369.067,verificado_parcial_con_pendientes,no_verificado,0,0,0.0,no_verificado
none,saga,100,1,60.0,300.0,0.0,5.0,100,100,1048,55,0.052481,454,19,435,0.04185,"{""200"": 558, ""201"": 439, ""500"": 2, ""503"": 53}",32000,56000,70000,2.986122287545408,0.6,104.2,79.13,81.76,False,,1788688507.768,353.417,2026-09-06T09:55:07.768000+00:00,2026-09-06T10:01:01.185000+00:00,441,2,0,0,verificado_con_violaciones,2,0,verificado_con_violaciones,0,verificado_sin_violaciones,438,1,2326755.758,verificado_parcial_con_pendientes,no_verificado,2,2,0.004535,false
none,saga,200,1,60.0,300.0,0.0,5.0,200,200,1485,328,0.220875,593,230,363,0.387858,"{""0"": 46, ""200"": 794, ""201"": 364, ""401"": 16, ""409"": 5, ""500"": 94, ""503"": 167}",48000,85000,90000,3.936699479248818,0.52,97.7,86.63,91.43,False,,1788689200.693,380.471,2026-09-06T10:06:40.693000+00:00,2026-09-06T10:13:01.164000+00:00,470,70,0,0,verificado_con_violaciones,70,0,verificado_con_violaciones,0,verificado_sin_violaciones,394,6,4263212.966,verificado_parcial_con_pendientes,no_verificado,70,70,0.148936,false
none,saga,400,1,60.0,300.0,0.0,5.0,400,400,3524,2425,0.688138,420,378,42,0.9,"{""0"": 2109, ""200"": 1057, ""201"": 42, ""401"": 164, ""500"": 60, ""503"": 92}",17000,92000,92000,8.94078703951537,0.0,0.0,105.95,112.57,False,,1788690052.971,396.431,2026-09-06T10:20:52.971000+00:00,2026-09-06T10:27:29.402000+00:00,345,50,0,0,verificado_con_violaciones,50,0,verificado_con_violaciones,0,verificado_sin_violaciones,288,7,5630062.736,verificado_parcial_con_pendientes,no_verificado,50,50,0.144928,false
omission,saga,50,1,60.0,300.0,0.1,5.0,50,50,991,46,0.046418,470,46,424,0.097872,"{""200"": 521, ""201"": 424, ""500"": 47}",15000,27000,33000,3.0226777629101598,0.0,0.0,74.98,76.86,False,,1788690617.281,329.754,2026-09-06T10:30:17.281000+00:00,2026-09-06T10:35:47.035000+00:00,471,47,0,0,verificado_con_violaciones,48,0,verificado_con_violaciones,0,verificado_sin_violaciones,417,7,7247437.402,verificado_parcial_con_pendientes,no_verificado,48,48,0.101911,false
omission,saga,100,1,60.0,300.0,0.1,5.0,100,100,1026,46,0.044834,461,43,418,0.093275,"{""200"": 562, ""201"": 418, ""500"": 44, ""503"": 3}",32000,55000,64000,2.9439215614908227,0.6,104.2,78.83,81.27,False,,1788691191.024,352.681,2026-09-06T10:39:51.024000+00:00,2026-09-06T10:45:43.705000+00:00,462,44,0,0,verificado_con_violaciones,49,0,verificado_con_violaciones,0,verificado_sin_violaciones,408,10,9209126.188,verificado_parcial_con_pendientes,no_verificado,49,49,0.106061,false
omission,saga,200,1,60.0,300.0,0.1,5.0,200,200,1492,380,0.254692,596,281,315,0.471477,"{""0"": 33, ""200"": 797, ""201"": 315, ""401"": 12, ""500"": 180, ""503"": 156}",45000,83000,90000,4.040562213702528,0.0,0.0,86.54,91.83,False,,1788691872.795,371.471,2026-09-06T10:51:12.795000+00:00,2026-09-06T10:57:24.266000+00:00,477,144,0,0,verificado_con_violaciones,147,0,verificado_con_violaciones,0,verificado_sin_violaciones,324,9,11148292.912,verificado_parcial_con_pendientes,no_verificado,147,147,0.308176,false
omission,saga,400,1,60.0,300.0,0.1,5.0,400,400,3637,2534,0.696728,387,329,58,0.850129,"{""0"": 2116, ""200"": 1045, ""201"": 58, ""401"": 167, ""500"": 47, ""503"": 204}",17000,90000,92000,9.218941565480415,0.5,97.7,106.32,112.07,False,,1788692718.859,396.202,2026-09-06T11:05:18.859000+00:00,2026-09-06T11:11:55.061000+00:00,300,120,0,0,verificado_con_violaciones,120,0,verificado_con_violaciones,0,verificado_sin_violaciones,180,0,12141161.201,verificado,no_verificado,120,120,0.4,false
timing,saga,50,1,60.0,300.0,0.1,5.0,50,50,936,0,0.0,442,0,442,0.0,"{""200"": 494, ""201"": 444}",16000,27000,33000,2.9285030197558393,0.0,0.0,74.76,76.68,False,,1788693288.001,321.386,2026-09-06T11:14:48.001000+00:00,2026-09-06T11:20:09.387000+00:00,444,0,0,0,verificado_sin_violaciones,2,0,verificado_con_violaciones,0,verificado_sin_violaciones,440,4,13375338.77,verificado_parcial_con_pendientes,no_verificado,2,2,0.004505,false
timing,saga,100,1,60.0,300.0,0.1,5.0,100,100,1080,67,0.062037,462,12,450,0.025974,"{""200"": 563, ""201"": 451, ""500"": 3, ""503"": 64}",30000,57000,68000,3.112821726000018,0.56,97.7,78.8,81.27,False,,1788693829.233,348.905,2026-09-06T11:23:49.233000+00:00,2026-09-06T11:29:38.138000+00:00,453,2,0,0,verificado_con_violaciones,3,0,verificado_con_violaciones,0,verificado_sin_violaciones,447,4,15119778.134,verificado_parcial_con_pendientes,no_verificado,3,3,0.006623,false
timing,saga,200,1,60.0,300.0,0.1,5.0,200,200,1448,414,0.285912,555,285,270,0.513514,"{""0"": 62, ""200"": 764, ""201"": 277, ""401"": 9, ""500"": 131, ""503"": 214}",47000,89000,90000,3.841132144809952,0.0,0.0,86.63,91.43,False,,1788694512.05,379.775,2026-09-06T11:35:12.050000+00:00,2026-09-06T11:41:31.825000+00:00,410,81,0,0,verificado_con_violaciones,81,0,verificado_con_violaciones,0,verificado_sin_violaciones,328,1,16853757.969,verificado_parcial_con_pendientes,no_verificado,81,81,0.197561,false
timing,saga,400,1,60.0,300.0,0.1,5.0,400,400,4123,2976,0.721805,408,327,81,0.801471,"{""0"": 2579, ""200"": 1066, ""201"": 81, ""401"": 175, ""409"": 8, ""500"": 74, ""503"": 140}",17000,90000,92000,10.457873230045793,0.0,0.0,105.81,111.39,False,,1788695365.996,396.253,2026-09-06T11:49:25.996000+00:00,2026-09-06T11:56:02.249000+00:00,315,108,0,0,verificado_con_violaciones,108,0,verificado_con_violaciones,0,verificado_sin_violaciones,204,3,18294803.658,verificado_parcial_con_pendientes,no_verificado,108,108,0.342857,false
none,2pc,50,2,60.0,300.0,0.0,5.0,50,50,870,0,0.0,409,0,409,0.0,"{""200"": 461, ""201"": 411}",16000,37000,45000,2.694319465983324,0.0,0.0,75.15,77.71,False,,1788695953.024,325.432,2026-09-06T11:59:13.024000+00:00,2026-09-06T12:04:38.456000+00:00,411,0,0,0,verificado_sin_violaciones,0,0,verificado_sin_violaciones,0,verificado_sin_violaciones,no_aplica,no_aplica,no_aplica,no_aplica,no_verificado,0,0,0.0,no_verificado
none,2pc,100,2,60.0,300.0,0.0,5.0,100,100,953,54,0.056663,403,13,390,0.032258,"{""0"": 1, ""200"": 509, ""201"": 396, ""500"": 3, ""503"": 50}",36000,66000,75000,2.609871433357607,0.0,0.0,79.22,82.34,False,,1788696512.235,367.327,2026-09-06T12:08:32.235000+00:00,2026-09-06T12:14:39.562000+00:00,399,2,0,0,verificado_con_violaciones,2,0,verificado_con_violaciones,0,verificado_sin_violaciones,no_aplica,no_aplica,no_aplica,no_aplica,no_verificado,2,2,0.005013,false
none,2pc,200,2,60.0,300.0,0.0,5.0,200,200,1397,482,0.345025,503,295,208,0.586481,"{""0"": 124, ""200"": 707, ""201"": 210, ""401"": 16, ""409"": 9, ""500"": 99, ""503"": 236}",51000,90000,90000,3.7481937899866726,0.27,50.4,87.11,92.67,False,,1788697219.544,376.94,2026-09-06T12:20:19.544000+00:00,2026-09-06T12:26:36.484000+00:00,389,72,0,0,verificado_con_violaciones,72,0,verificado_con_violaciones,0,verificado_sin_violaciones,no_aplica,no_aplica,no_aplica,no_aplica,no_verificado,72,72,0.18509,false
none,2pc,400,2,60.0,300.0,0.0,5.0,400,400,3535,2523,0.71372,276,258,18,0.934783,"{""0"": 2187, ""200"": 994, ""201"": 18, ""401"": 161, ""409"": 6, ""500"": 37, ""503"": 132}",17000,92000,92000,8.963868270490389,0.0,0.0,105.43,111.49,False,,1788698067.594,396.484,2026-09-06T12:34:27.594000+00:00,2026-09-06T12:41:04.078000+00:00,258,44,0,0,verificado_con_violaciones,44,0,verificado_con_violaciones,0,verificado_sin_violaciones,no_aplica,no_aplica,no_aplica,no_aplica,no_verificado,44,44,0.170543,false
omission,2pc,50,2,60.0,300.0,0.1,5.0,50,50,779,29,0.037227,364,29,335,0.07967,"{""200"": 415, ""201"": 335, ""500"": 30}",20000,37000,42000,2.2945989445594153,0.0,0.0,74.84,77.14,False,,1788698633.998,342.391,2026-09-06T12:43:53.998000+00:00,2026-09-06T12:49:36.389000+00:00,365,30,0,0,verificado_con_violaciones,30,0,verificado_con_violaciones,0,verificado_sin_violaciones,no_aplica,no_aplica,no_aplica,no_aplica,no_verificado,30,30,0.082192,false
omission,2pc,100,2,60.0,300.0,0.1,5.0,100,100,935,43,0.045989,417,43,374,0.103118,"{""200"": 518, ""201"": 375, ""500"": 40, ""503"": 3}",36000,65000,74000,2.617575359946976,0.0,0.8,78.74,81.9,False,,1788699219.613,359.861,2026-09-06T12:53:39.613000+00:00,2026-09-06T12:59:39.474000+00:00,415,40,0,0,verificado_con_violaciones,40,0,verificado_con_violaciones,0,verificado_sin_violaciones,no_aplica,no_aplica,no_aplica,no_aplica,no_verificado,40,40,0.096386,false
omission,2pc,200,2,60.0,300.0,0.1,5.0,200,200,1414,445,0.31471,540,312,228,0.577778,"{""0"": 105, ""200"": 741, ""201"": 228, ""401"": 11, ""409"": 18, ""500"": 164, ""503"": 148}",51000,90000,90000,3.659513312285806,0.51,97.7,86.97,92.33,False,,1788699920.132,388.114,2026-09-06T13:05:20.132000+00:00,2026-09-06T13:11:48.246000+00:00,446,138,0,0,verificado_con_violaciones,138,0,verificado_con_violaciones,0,verificado_sin_violaciones,no_aplica,no_aplica,no_aplica,no_aplica,no_verificado,138,138,0.309417,false
omission,2pc,400,2,60.0,300.0,0.1,5.0,400,400,3557,2480,0.697217,295,241,54,0.816949,"{""0"": 2137, ""200"": 1023, ""201"": 54, ""401"": 162, ""409"": 5, ""500"": 32, ""503"": 144}",17000,92000,92000,9.013867985820122,0.01,1.5,106.42,112.39,False,,1788700785.625,396.429,2026-09-06T13:19:45.625000+00:00,2026-09-06T13:26:22.054000+00:00,295,75,0,0,verificado_con_violaciones,75,0,verificado_con_violaciones,0,verificado_sin_violaciones,no_aplica,no_aplica,no_aplica,no_aplica,no_verificado,75,75,0.254237,false
timing,2pc,50,2,60.0,300.0,0.1,5.0,50,50,795,0,0.0,372,0,372,0.0,"{""200"": 423, ""201"": 373}",18000,37000,43000,2.441111961924005,0.0,0.0,74.2,76.49,False,,1788701348.698,327.552,2026-09-06T13:29:08.698000+00:00,2026-09-06T13:34:36.250000+00:00,373,0,0,0,verificado_sin_violaciones,0,0,verificado_sin_violaciones,0,verificado_sin_violaciones,no_aplica,no_aplica,no_aplica,no_aplica,no_verificado,0,0,0.0,no_verificado
timing,2pc,100,2,60.0,300.0,0.1,5.0,100,100,978,65,0.066462,419,26,393,0.062053,"{""200"": 520, ""201"": 394, ""500"": 1, ""503"": 64}",33000,68000,78000,2.7091394223933722,0.0,0.0,78.55,81.13,False,,1788701908.516,363.954,2026-09-06T13:38:28.516000+00:00,2026-09-06T13:44:32.470000+00:00,394,0,0,0,verificado_sin_violaciones,0,0,verificado_sin_violaciones,0,verificado_sin_violaciones,no_aplica,no_aplica,no_aplica,no_aplica,no_verificado,0,0,0.0,no_verificado
timing,2pc,200,2,60.0,300.0,0.1,5.0,200,200,1460,537,0.367808,497,271,226,0.545272,"{""0"": 131, ""200"": 697, ""201"": 226, ""401"": 15, ""409"": 24, ""500"": 99, ""503"": 268}",49000,90000,90000,3.84701892258282,0.0,0.0,86.73,92.16,False,,1788702612.619,381.384,2026-09-06T13:50:12.619000+00:00,2026-09-06T13:56:34.003000+00:00,396,63,0,0,verificado_con_violaciones,63,0,verificado_con_violaciones,0,verificado_sin_violaciones,no_aplica,no_aplica,no_aplica,no_aplica,no_verificado,63,63,0.159091,false
timing,2pc,400,2,60.0,300.0,0.1,5.0,400,400,3398,2464,0.725132,317,283,34,0.892744,"{""0"": 1928, ""200"": 900, ""201"": 34, ""401"": 198, ""409"": 12, ""500"": 26, ""503"": 300}",17000,92000,92000,8.631584497360045,0.0,0.0,105.71,112.16,False,,1788703467.907,396.113,2026-09-06T14:04:27.907000+00:00,2026-09-06T14:11:04.020000+00:00,277,73,0,0,verificado_con_violaciones,73,0,verificado_con_violaciones,0,verificado_sin_violaciones,no_aplica,no_aplica,no_aplica,no_aplica,no_verificado,73,73,0.263538,false
none,saga,50,2,60.0,300.0,0.0,5.0,50,50,951,0,0.0,450,0,450,0.0,"{""200"": 501, ""201"": 451}",16000,29000,34000,2.807023631587442,0.58,97.7,74.66,76.88,False,,1788704048.859,340.491,2026-09-06T14:14:08.859000+00:00,2026-09-06T14:19:49.350000+00:00,451,0,0,0,verificado_sin_violaciones,0,0,verificado_sin_violaciones,0,verificado_sin_violaciones,447,4,11608067.052,verificado_parcial_con_pendientes,no_verificado,0,0,0.0,no_verificado
none,saga,100,2,60.0,300.0,0.0,5.0,100,100,1051,9,0.008563,474,7,467,0.014768,"{""200"": 575, ""201"": 468, ""500"": 5, ""503"": 4}",31000,59000,68000,2.841998506207559,0.56,104.2,78.65,81.28,False,,1788704620.976,372.696,2026-09-06T14:23:40.976000+00:00,2026-09-06T14:29:53.672000+00:00,472,4,0,0,verificado_con_violaciones,10,0,verificado_con_violaciones,0,verificado_sin_violaciones,456,12,13718886.608,verificado_parcial_con_pendientes,no_verificado,10,10,0.021186,false
none,saga,200,2,60.0,300.0,0.0,5.0,200,200,1479,423,0.286004,541,227,314,0.419593,"{""0"": 44, ""200"": 742, ""201"": 315, ""401"": 6, ""500"": 92, ""503"": 281}",46000,84000,90000,3.9805766781264036,0.01,1.6,86.37,91.4,False,,1788705333.356,374.421,2026-09-06T14:35:33.356000+00:00,2026-09-06T14:41:47.777000+00:00,398,48,0,0,verificado_con_violaciones,48,0,verificado_con_violaciones,0,verificado_sin_violaciones,347,3,15752165.093,verificado_parcial_con_pendientes,no_verificado,48,48,0.120603,false
none,saga,400,2,60.0,300.0,0.0,5.0,400,400,3671,2630,0.716426,336,300,36,0.892857,"{""0"": 2284, ""200"": 1005, ""201"": 36, ""401"": 151, ""500"": 45, ""503"": 153}",17000,91000,92000,9.323550665525698,0.0,0.0,106.91,112.3,False,,1788706184.024,396.327,2026-09-06T14:49:44.024000+00:00,2026-09-06T14:56:20.351000+00:00,315,50,0,0,verificado_con_violaciones,50,0,verificado_con_violaciones,0,verificado_sin_violaciones,264,1,16956211.666,verificado_parcial_con_pendientes,no_verificado,50,50,0.15873,false
omission,saga,50,2,60.0,300.0,0.1,5.0,50,50,821,57,0.069428,385,57,328,0.148052,"{""200"": 436, ""201"": 328, ""500"": 58}",18000,34000,41000,2.4612379189318454,0.0,0.0,74.36,76.47,False,,1788706762.33,336.263,2026-09-06T14:59:22.330000+00:00,2026-09-06T15:04:58.593000+00:00,386,58,0,0,verificado_con_violaciones,60,0,verificado_con_violaciones,0,verificado_sin_violaciones,325,3,18032364.074,verificado_parcial_con_pendientes,no_verificado,60,60,0.15544,false
omission,saga,100,2,60.0,300.0,0.1,5.0,100,100,1040,59,0.056731,467,54,413,0.115632,"{""200"": 568, ""201"": 413, ""500"": 51, ""503"": 9}",33000,58000,68000,2.8288154636099216,0.0,0.0,78.86,81.33,False,,1788707323.07,370.906,2026-09-06T15:08:43.070000+00:00,2026-09-06T15:14:53.976000+00:00,462,49,0,0,verificado_con_violaciones,49,0,verificado_con_violaciones,0,verificado_sin_violaciones,412,1,19531950.862,verificado_parcial_con_pendientes,no_verificado,49,49,0.106061,false
omission,saga,200,2,60.0,300.0,0.1,5.0,200,200,1519,561,0.369322,547,336,211,0.61426,"{""0"": 53, ""200"": 747, ""201"": 211, ""401"": 6, ""500"": 226, ""503"": 276}",46000,86000,90000,3.938605830513775,0.0,0.0,86.87,91.63,False,,1788708031.324,387.164,2026-09-06T15:20:31.324000+00:00,2026-09-06T15:26:58.488000+00:00,430,193,0,0,verificado_con_violaciones,193,0,verificado_con_violaciones,0,verificado_sin_violaciones,230,7,21126098.912,verificado_parcial_con_pendientes,no_verificado,193,193,0.448837,false
omission,saga,400,2,60.0,300.0,0.1,5.0,400,400,3219,2258,0.70146,272,264,8,0.970588,"{""0"": 2048, ""200"": 953, ""201"": 8, ""401"": 149, ""409"": 4, ""500"": 19, ""503"": 38}",17000,92000,92000,8.166889202152637,0.0,0.8,105.08,111.22,False,,1788708891.418,396.214,2026-09-06T15:34:51.418000+00:00,2026-09-06T15:41:27.632000+00:00,256,74,0,0,verificado_con_violaciones,83,0,verificado_con_violaciones,0,verificado_sin_violaciones,171,11,21478060.601,verificado_parcial_con_pendientes,no_verificado,83,83,0.324219,false
timing,saga,50,2,60.0,300.0,0.1,5.0,50,50,857,0,0.0,403,0,403,0.0,"{""200"": 454, ""201"": 404}",17000,34000,41000,2.6217771522818087,0.6,97.7,74.59,76.52,False,,1788709457.371,329.28,2026-09-06T15:44:17.371000+00:00,2026-09-06T15:49:46.651000+00:00,404,0,0,0,verificado_sin_violaciones,0,0,verificado_sin_violaciones,0,verificado_sin_violaciones,393,11,23024167.831,verificado_parcial_con_pendientes,no_verificado,0,0,0.0,no_verificado
timing,saga,100,2,60.0,300.0,0.1,5.0,100,100,1032,79,0.07655,439,26,413,0.059226,"{""0"": 1, ""200"": 540, ""201"": 414, ""500"": 6, ""503"": 72}",32000,63000,75000,2.831945946196436,0.0,0.0,79.37,81.96,False,,1788710010.019,367.098,2026-09-06T15:53:30.019000+00:00,2026-09-06T15:59:37.117000+00:00,419,4,0,0,verificado_con_violaciones,4,0,verificado_con_violaciones,0,verificado_sin_violaciones,412,3,24971123.874,verificado_parcial_con_pendientes,no_verificado,4,4,0.009547,false
timing,saga,200,2,60.0,300.0,0.1,5.0,200,200,1459,337,0.23098,585,250,335,0.42735,"{""0"": 58, ""200"": 787, ""201"": 336, ""401"": 12, ""409"": 1, ""500"": 135, ""503"": 132}",49000,88000,90000,3.7392969650177554,0.5,97.7,86.87,91.82,False,,1788710716.789,392.863,2026-09-06T16:05:16.789000+00:00,2026-09-06T16:11:49.652000+00:00,473,87,0,0,verificado_con_violaciones,87,0,verificado_con_violaciones,0,verificado_sin_violaciones,384,2,26872868.702,verificado_parcial_con_pendientes,no_verificado,87,87,0.183932,false
timing,saga,400,2,60.0,300.0,0.1,5.0,400,400,3454,2417,0.699768,305,293,12,0.960656,"{""0"": 2140, ""200"": 1025, ""201"": 12, ""401"": 185, ""500"": 52, ""503"": 42}",17000,92000,92000,8.796834983747189,0.0,0.0,105.81,111.64,False,,1788711590.965,396.173,2026-09-06T16:19:50.965000+00:00,2026-09-06T16:26:27.138000+00:00,310,118,0,0,verificado_con_violaciones,118,0,verificado_con_violaciones,0,verificado_sin_violaciones,190,2,27854724.785,verificado_parcial_con_pendientes,no_verificado,118,118,0.380645,false
none,2pc,50,3,60.0,300.0,0.0,5.0,50,50,773,0,0.0,361,0,361,0.0,"{""200"": 412, ""201"": 362}",18000,47000,61000,2.3590498783120006,0.6,97.7,74.73,76.46,False,,1788712174.531,330.458,2026-09-06T16:29:34.531000+00:00,2026-09-06T16:35:04.989000+00:00,362,0,0,0,verificado_sin_violaciones,0,0,verificado_sin_violaciones,0,verificado_sin_violaciones,no_aplica,no_aplica,no_aplica,no_aplica,no_verificado,0,0,0.0,no_verificado
none,2pc,100,3,60.0,300.0,0.0,5.0,100,100,920,8,0.008696,409,7,402,0.017115,"{""0"": 2, ""200"": 510, ""201"": 403, ""500"": 2, ""503"": 4}",33000,73000,83000,2.628648738799298,0.0,0.0,78.5,81.63,False,,1788712724.835,351.643,2026-09-06T16:38:44.835000+00:00,2026-09-06T16:44:36.478000+00:00,406,1,0,0,verificado_con_violaciones,1,0,verificado_con_violaciones,0,verificado_sin_violaciones,no_aplica,no_aplica,no_aplica,no_aplica,no_verificado,1,1,0.002463,false
none,2pc,200,3,60.0,300.0,0.0,5.0,200,200,1458,558,0.382716,537,376,161,0.700186,"{""0"": 128, ""200"": 739, ""201"": 162, ""401"": 23, ""409"": 12, ""500"": 79, ""503"": 316}",48000,90000,90000,4.059987632434029,0.0,0.0,86.46,92.09,False,,1788713424.904,363.9,2026-09-06T16:50:24.904000+00:00,2026-09-06T16:56:28.804000+00:00,327,54,0,0,verificado_con_violaciones,54,0,verificado_con_violaciones,0,verificado_sin_violaciones,no_aplica,no_aplica,no_aplica,no_aplica,no_verificado,54,54,0.165138,false
none,2pc,400,3,60.0,300.0,0.0,5.0,400,400,4462,3545,0.794487,400,328,72,0.82,"{""0"": 3196, ""200"": 845, ""201"": 72, ""401"": 198, ""409"": 10, ""500"": 70, ""503"": 71}",17000,90000,92000,11.308461182829092,0.0,0.0,105.62,110.91,False,,1788714268.59,396.219,2026-09-06T17:04:28.590000+00:00,2026-09-06T17:11:04.809000+00:00,311,38,0,0,verificado_con_violaciones,38,0,verificado_con_violaciones,0,verificado_sin_violaciones,no_aplica,no_aplica,no_aplica,no_aplica,no_verificado,38,38,0.122186,false
omission,2pc,50,3,60.0,300.0,0.1,5.0,50,50,844,83,0.098341,389,68,321,0.174807,"{""200"": 440, ""201"": 322, ""500"": 42, ""503"": 41}",18000,34000,41000,2.6020004477184826,0.0,0.0,74.47,77.18,False,,1788714831.89,327.704,2026-09-06T17:13:51.890000+00:00,2026-09-06T17:19:19.594000+00:00,364,42,0,0,verificado_con_violaciones,42,0,verificado_con_violaciones,0,verificado_sin_violaciones,no_aplica,no_aplica,no_aplica,no_aplica,no_verificado,42,42,0.115385,false
omission,2pc,100,3,60.0,300.0,0.1,5.0,100,100,888,86,0.096847,392,84,308,0.214286,"{""0"": 14, ""200"": 494, ""201"": 308, ""500"": 69, ""503"": 5}",34000,72000,90000,2.6295023971027858,0.0,0.0,78.74,82.12,False,,1788715386.969,340.273,2026-09-06T17:23:06.969000+00:00,2026-09-06T17:28:47.242000+00:00,390,68,0,0,verificado_con_violaciones,68,0,verificado_con_violaciones,0,verificado_sin_violaciones,no_aplica,no_aplica,no_aplica,no_aplica,no_verificado,68,68,0.174359,false
omission,2pc,200,3,60.0,300.0,0.1,5.0,200,200,1429,440,0.307908,558,329,229,0.589606,"{""0"": 79, ""200"": 760, ""201"": 229, ""401"": 19, ""409"": 32, ""500"": 137, ""503"": 175}",48000,90000,90000,4.068126556841004,0.0,0.0,85.39,90.57,False,,1788716074.315,353.777,2026-09-06T17:34:34.315000+00:00,2026-09-06T17:40:28.092000+00:00,399,112,0,0,verificado_con_violaciones,112,0,verificado_con_violaciones,0,verificado_sin_violaciones,no_aplica,no_aplica,no_aplica,no_aplica,no_verificado,112,112,0.280702,false
omission,2pc,400,3,60.0,300.0,0.1,5.0,400,400,3496,2509,0.717677,323,294,29,0.910217,"{""0"": 1996, ""200"": 958, ""201"": 29, ""401"": 152, ""500"": 44, ""503"": 317}",17000,92000,92000,8.866954036065412,0.53,104.2,104.62,110.2,False,,1788716897.458,396.148,2026-09-06T17:48:17.458000+00:00,2026-09-06T17:54:53.606000+00:00,253,68,0,0,verificado_con_violaciones,68,0,verificado_con_violaciones,0,verificado_sin_violaciones,no_aplica,no_aplica,no_aplica,no_aplica,no_verificado,68,68,0.268775,false
timing,2pc,50,3,60.0,300.0,0.1,5.0,50,50,742,0,0.0,345,0,345,0.0,"{""200"": 397, ""201"": 347}",20000,41000,58000,2.210456666213643,0.0,0.0,74.81,77.2,False,,1788717466.523,337.642,2026-09-06T17:57:46.523000+00:00,2026-09-06T18:03:24.165000+00:00,347,0,0,0,verificado_sin_violaciones,0,0,verificado_sin_violaciones,0,verificado_sin_violaciones,no_aplica,no_aplica,no_aplica,no_aplica,no_verificado,0,0,0.0,no_verificado
timing,2pc,100,3,60.0,300.0,0.1,5.0,100,100,936,78,0.083333,390,26,364,0.066667,"{""0"": 1, ""200"": 494, ""201"": 368, ""500"": 13, ""503"": 64}",36000,68000,79000,2.4837093602891755,0.0,0.0,78.9,81.62,False,,1788718049.156,379.606,2026-09-06T18:07:29.156000+00:00,2026-09-06T18:13:48.762000+00:00,381,12,0,0,verificado_con_violaciones,12,0,verificado_con_violaciones,0,verificado_sin_violaciones,no_aplica,no_aplica,no_aplica,no_aplica,no_verificado,12,12,0.031496,false
timing,2pc,200,3,60.0,300.0,0.1,5.0,200,200,1451,598,0.41213,500,349,151,0.698,"{""0"": 102, ""200"": 702, ""201"": 152, ""401"": 12, ""409"": 35, ""500"": 127, ""503"": 322}",46000,90000,90000,4.358878077049789,0.0,0.0,85.65,91.66,False,,1788718781.127,344.639,2026-09-06T18:19:41.127000+00:00,2026-09-06T18:25:25.766000+00:00,332,100,0,0,verificado_con_violaciones,100,0,verificado_con_violaciones,0,verificado_sin_violaciones,no_aplica,no_aplica,no_aplica,no_aplica,no_verificado,100,100,0.301205,false
timing,2pc,400,3,60.0,300.0,0.1,5.0,400,400,3027,1996,0.659399,286,248,38,0.867133,"{""0"": 1681, ""200"": 994, ""201"": 38, ""401"": 140, ""409"": 7, ""500"": 28, ""503"": 141}",17000,92000,92000,7.673964348192349,0.0,0.8,105.37,111.21,False,,1788719607.701,396.237,2026-09-06T18:33:27.701000+00:00,2026-09-06T18:40:03.938000+00:00,265,109,0,0,verificado_con_violaciones,109,0,verificado_con_violaciones,0,verificado_sin_violaciones,no_aplica,no_aplica,no_aplica,no_aplica,no_verificado,109,109,0.411321,false
none,saga,50,3,60.0,300.0,0.0,5.0,50,50,948,239,0.25211,357,56,301,0.156863,"{""200"": 408, ""201"": 302, ""500"": 1, ""503"": 238}",16000,34000,42000,2.8849841336981425,0.0,0.0,75.17,77.68,False,,1788720185.009,331.035,2026-09-06T18:43:05.009000+00:00,2026-09-06T18:48:36.044000+00:00,302,0,0,0,verificado_sin_violaciones,0,0,verificado_sin_violaciones,0,verificado_sin_violaciones,295,7,20602253.014,verificado_parcial_con_pendientes,no_verificado,0,0,0.0,no_verificado
none,saga,100,3,60.0,300.0,0.0,5.0,100,100,935,13,0.013904,412,7,405,0.01699,"{""200"": 517, ""201"": 410, ""500"": 6, ""503"": 7}",36000,65000,77000,2.52770546652689,0.0,0.0,78.47,81.21,False,,1788720761.882,372.67,2026-09-06T18:52:41.882000+00:00,2026-09-06T18:58:54.552000+00:00,414,4,0,0,verificado_con_violaciones,4,0,verificado_con_violaciones,0,verificado_sin_violaciones,408,2,22365714.723,verificado_parcial_con_pendientes,no_verificado,4,4,0.009662,false
none,saga,200,3,60.0,300.0,0.0,5.0,200,200,1442,582,0.403606,490,327,163,0.667347,"{""0"": 97, ""200"": 697, ""201"": 168, ""401"": 15, ""500"": 145, ""503"": 326}",47000,90000,90000,3.960419482930024,0.0,0.0,85.75,90.68,False,,1788721478.311,366.717,2026-09-06T19:04:38.311000+00:00,2026-09-06T19:10:45.028000+00:00,327,110,0,0,verificado_con_violaciones,119,0,verificado_con_violaciones,0,verificado_sin_violaciones,202,15,24139745.97,verificado_parcial_con_pendientes,no_verificado,119,119,0.363914,false
none,saga,400,3,60.0,300.0,0.0,5.0,400,400,3254,2036,0.625691,447,373,74,0.834452,"{""0"": 1628, ""200"": 1144, ""201"": 74, ""401"": 170, ""500"": 26, ""503"": 212}",25000,92000,92000,8.276557080821023,0.5,97.7,104.87,110.94,False,,1788722322.159,396.329,2026-09-06T19:18:42.159000+00:00,2026-09-06T19:25:18.488000+00:00,287,36,0,0,verificado_con_violaciones,36,0,verificado_con_violaciones,0,verificado_sin_violaciones,250,1,24783758.058,verificado_parcial_con_pendientes,no_verificado,36,36,0.125436,false
omission,saga,50,3,60.0,300.0,0.1,5.0,50,50,814,38,0.046683,381,38,343,0.099738,"{""200"": 433, ""201"": 344, ""500"": 39}",18000,33000,39000,2.505758793975057,0.0,0.0,74.97,77.34,False,,1788722904.915,328.463,2026-09-06T19:28:24.915000+00:00,2026-09-06T19:33:53.378000+00:00,383,39,0,0,verificado_con_violaciones,39,0,verificado_con_violaciones,0,verificado_sin_violaciones,337,7,26254880.678,verificado_parcial_con_pendientes,no_verificado,39,39,0.101828,false
omission,saga,100,3,60.0,300.0,0.1,5.0,100,100,783,77,0.09834,331,59,272,0.178248,"{""0"": 11, ""200"": 434, ""201"": 272, ""500"": 44, ""503"": 25}",42000,82000,90000,2.2189102418648488,0.0,0.0,78.39,80.97,False,,1788723483.242,354.689,2026-09-06T19:38:03.242000+00:00,2026-09-06T19:43:57.931000+00:00,324,44,0,0,verificado_con_violaciones,45,0,verificado_con_violaciones,0,verificado_sin_violaciones,271,9,28038211.801,verificado_parcial_con_pendientes,no_verificado,45,45,0.138889,false
omission,saga,200,3,60.0,300.0,0.1,5.0,200,200,1485,485,0.326599,564,329,235,0.583333,"{""0"": 47, ""200"": 765, ""201"": 236, ""401"": 14, ""409"": 1, ""500"": 198, ""503"": 225}",48000,85000,90000,4.035618990846747,0.0,0.0,85.91,90.31,False,,1788724190.577,371.492,2026-09-06T19:49:50.577000+00:00,2026-09-06T19:56:02.069000+00:00,417,152,0,0,verificado_con_violaciones,152,0,verificado_con_violaciones,0,verificado_sin_violaciones,263,2,29167037.291,verificado_parcial_con_pendientes,no_verificado,152,152,0.364508,false
omission,saga,400,3,60.0,300.0,0.1,5.0,400,400,2977,1880,0.631508,373,346,27,0.927614,"{""0"": 1573, ""200"": 1070, ""201"": 27, ""401"": 157, ""409"": 16, ""500"": 48, ""503"": 87}",25000,92000,92000,7.56438389356175,0.0,0.0,104.63,111.28,False,,1788725032.587,396.145,2026-09-06T20:03:52.587000+00:00,2026-09-06T20:10:28.732000+00:00,284,114,0,0,verificado_con_violaciones,162,0,verificado_con_violaciones,0,verificado_sin_violaciones,114,56,30380923.601,verificado_parcial_con_pendientes,no_verificado,162,162,0.570423,false
timing,saga,50,3,60.0,300.0,0.1,5.0,50,50,895,0,0.0,422,0,422,0.0,"{""200"": 473, ""201"": 423}",16000,31000,39000,2.809412959585867,0.0,0.0,74.94,77.31,False,,1788725606.323,321.724,2026-09-06T20:13:26.323000+00:00,2026-09-06T20:18:48.047000+00:00,423,0,0,0,verificado_sin_violaciones,7,0,verificado_con_violaciones,0,verificado_sin_violaciones,410,13,31768202.105,verificado_parcial_con_pendientes,no_verificado,7,7,0.016548,false
timing,saga,100,3,60.0,300.0,0.1,5.0,100,100,1076,7,0.006506,485,3,482,0.006186,"{""200"": 587, ""201"": 484, ""500"": 1, ""503"": 6}",30000,56000,69000,3.0655757873773393,0.0,0.0,78.66,81.32,False,,1788726162.245,354.121,2026-09-06T20:22:42.245000+00:00,2026-09-06T20:28:36.366000+00:00,485,1,0,0,verificado_con_violaciones,1,0,verificado_con_violaciones,0,verificado_sin_violaciones,480,4,33885285.471,verificado_parcial_con_pendientes,no_verificado,1,1,0.002062,false
timing,saga,200,3,60.0,300.0,0.1,5.0,200,200,1477,498,0.33717,551,324,227,0.588022,"{""0"": 69, ""200"": 752, ""201"": 228, ""401"": 6, ""500"": 175, ""503"": 248}",48000,90000,90000,3.923641430272892,0.52,97.7,86.07,90.57,False,,1788726844.57,377.936,2026-09-06T20:34:04.570000+00:00,2026-09-06T20:40:22.506000+00:00,413,139,0,0,verificado_con_violaciones,139,0,verificado_con_violaciones,0,verificado_sin_violaciones,274,0,35188389.907,verificado,no_verificado,139,139,0.336562,false
timing,saga,400,3,60.0,300.0,0.1,5.0,400,400,4424,3380,0.764014,462,390,72,0.844156,"{""0"": 2946, ""200"": 972, ""201"": 72, ""401"": 180, ""500"": 56, ""503"": 198}",17000,90000,90000,11.23138876589321,0.5,97.7,105.91,110.92,False,,1788727698.205,396.143,2026-09-06T20:48:18.205000+00:00,2026-09-06T20:54:54.348000+00:00,286,67,0,0,verificado_con_violaciones,67,0,verificado_con_violaciones,0,verificado_sin_violaciones,219,0,35554122.71,verificado,no_verificado,67,67,0.234266,false
none,2pc,50,4,60.0,300.0,0.0,5.0,50,50,877,0,0.0,412,0,412,0.0,"{""200"": 465, ""201"": 415}",17000,36000,46000,2.664198915435705,0.0,0.0,74.81,77.0,False,,1788728274.023,332.282,2026-09-06T20:57:54.023000+00:00,2026-09-06T21:03:26.305000+00:00,415,0,0,0,verificado_sin_violaciones,0,0,verificado_sin_violaciones,0,verificado_sin_violaciones,no_aplica,no_aplica,no_aplica,no_aplica,no_verificado,0,0,0.0,no_verificado
none,2pc,100,4,60.0,300.0,0.0,5.0,100,100,1021,55,0.053869,442,19,423,0.042986,"{""0"": 1, ""200"": 543, ""201"": 424, ""500"": 3, ""503"": 51}",33000,62000,75000,2.7755473207882466,0.53,97.7,79.11,81.66,False,,1788728851.453,370.49,2026-09-06T21:07:31.453000+00:00,2026-09-06T21:13:41.943000+00:00,427,2,0,0,verificado_con_violaciones,2,0,verificado_con_violaciones,0,verificado_sin_violaciones,no_aplica,no_aplica,no_aplica,no_aplica,no_verificado,2,2,0.004684,false
none,2pc,200,4,60.0,300.0,0.0,5.0,200,200,1449,558,0.385093,504,318,186,0.630952,"{""0"": 97, ""200"": 705, ""201"": 187, ""401"": 16, ""409"": 24, ""500"": 107, ""503"": 314}",49000,90000,90000,4.011145742659404,0.0,0.0,86.14,91.04,False,,1788729561.199,363.026,2026-09-06T21:19:21.199000+00:00,2026-09-06T21:25:24.225000+00:00,336,86,0,0,verificado_con_violaciones,86,0,verificado_con_violaciones,0,verificado_sin_violaciones,no_aplica,no_aplica,no_aplica,no_aplica,no_verificado,86,86,0.255952,false
none,2pc,400,4,60.0,300.0,0.0,5.0,400,400,3263,2357,0.722341,282,266,16,0.943262,"{""0"": 1843, ""200"": 891, ""201"": 16, ""401"": 152, ""409"": 10, ""500"": 18, ""503"": 335}",17000,92000,92000,8.274562972367608,0.0,0.0,105.13,111.21,False,,1788730395.314,396.386,2026-09-06T21:33:15.314000+00:00,2026-09-06T21:39:51.700000+00:00,232,44,0,0,verificado_con_violaciones,44,0,verificado_con_violaciones,0,verificado_sin_violaciones,no_aplica,no_aplica,no_aplica,no_aplica,no_verificado,44,44,0.189655,false
omission,2pc,50,4,60.0,300.0,0.1,5.0,50,50,866,106,0.122402,389,69,320,0.177378,"{""200"": 440, ""201"": 320, ""500"": 46, ""503"": 61}",18000,36000,46000,2.552984174377069,0.57,97.7,74.77,77.0,False,,1788730962.003,342.262,2026-09-06T21:42:42.003000+00:00,2026-09-06T21:48:24.265000+00:00,366,46,0,0,verificado_con_violaciones,46,0,verificado_con_violaciones,0,verificado_sin_violaciones,no_aplica,no_aplica,no_aplica,no_aplica,no_verificado,46,46,0.125683,false
omission,2pc,100,4,60.0,300.0,0.1,5.0,100,100,880,57,0.064773,385,53,332,0.137662,"{""0"": 12, ""200"": 491, ""201"": 338, ""409"": 3, ""500"": 40, ""503"": 2}",38000,73000,90000,2.458488152308043,0.0,0.0,78.1,81.16,False,,1788731544.383,360.287,2026-09-06T21:52:24.383000+00:00,2026-09-06T21:58:24.670000+00:00,389,39,0,0,verificado_con_violaciones,39,0,verificado_con_violaciones,0,verificado_sin_violaciones,no_aplica,no_aplica,no_aplica,no_aplica,no_verificado,39,39,0.100257,false
omission,2pc,200,4,60.0,300.0,0.1,5.0,200,200,1385,490,0.353791,494,315,179,0.637652,"{""0"": 122, ""200"": 716, ""201"": 184, ""401"": 20, ""409"": 3, ""500"": 146, ""503"": 202}",53000,90000,92000,3.5200513964944644,0.0,0.0,86.73,91.62,False,,1788732260.357,396.062,2026-09-06T22:04:20.357000+00:00,2026-09-06T22:10:56.419000+00:00,395,121,0,0,verificado_con_violaciones,121,0,verificado_con_violaciones,0,verificado_sin_violaciones,no_aplica,no_aplica,no_aplica,no_aplica,no_verificado,121,121,0.306329,false
omission,2pc,400,4,60.0,300.0,0.1,5.0,400,400,3469,2518,0.725858,244,241,3,0.987705,"{""0"": 2104, ""200"": 948, ""201"": 3, ""401"": 181, ""409"": 1, ""500"": 22, ""503"": 210}",17000,92000,92000,8.834955783124842,0.53,104.2,105.36,111.25,False,,1788733125.48,396.142,2026-09-06T22:18:45.480000+00:00,2026-09-06T22:25:21.622000+00:00,178,62,0,0,verificado_con_violaciones,62,0,verificado_con_violaciones,0,verificado_sin_violaciones,no_aplica,no_aplica,no_aplica,no_aplica,no_verificado,62,62,0.348315,false
timing,2pc,50,4,60.0,300.0,0.1,5.0,50,50,779,0,0.0,364,0,364,0.0,"{""200"": 415, ""201"": 365}",18000,40000,47000,2.3358116230687154,0.01,1.6,75.17,77.34,False,,1788733688.203,336.313,2026-09-06T22:28:08.203000+00:00,2026-09-06T22:33:44.516000+00:00,365,0,0,0,verificado_sin_violaciones,0,0,verificado_sin_violaciones,0,verificado_sin_violaciones,no_aplica,no_aplica,no_aplica,no_aplica,no_verificado,0,0,0.0,no_verificado
timing,2pc,100,4,60.0,300.0,0.1,5.0,100,100,951,148,0.155626,393,84,309,0.21374,"{""0"": 15, ""200"": 494, ""201"": 310, ""409"": 3, ""500"": 24, ""503"": 106}",35000,73000,90000,2.600656032476427,0.0,0.0,78.29,80.8,False,,1788734273.482,368.188,2026-09-06T22:37:53.482000+00:00,2026-09-06T22:44:01.670000+00:00,349,16,0,0,verificado_con_violaciones,16,0,verificado_con_violaciones,0,verificado_sin_violaciones,no_aplica,no_aplica,no_aplica,no_aplica,no_verificado,16,16,0.045845,false
timing,2pc,200,4,60.0,300.0,0.1,5.0,200,200,1682,920,0.546968,449,337,112,0.750557,"{""0"": 98, ""200"": 650, ""201"": 113, ""401"": 16, ""409"": 2, ""500"": 101, ""503"": 703}",37000,90000,90000,4.666719132384647,0.58,104.2,85.79,90.26,False,,1788734979.146,365.774,2026-09-06T22:49:39.146000+00:00,2026-09-06T22:55:44.920000+00:00,250,59,0,0,verificado_con_violaciones,59,0,verificado_con_violaciones,0,verificado_sin_violaciones,no_aplica,no_aplica,no_aplica,no_aplica,no_verificado,59,59,0.236,false
timing,2pc,400,4,60.0,300.0,0.1,5.0,400,400,3220,2263,0.702795,258,245,13,0.949612,"{""0"": 1452, ""200"": 944, ""201"": 13, ""401"": 168, ""500"": 25, ""503"": 618}",30000,92000,92000,8.162376101032008,0.0,0.0,105.06,110.05,False,,1788735824.778,396.308,2026-09-06T23:03:44.778000+00:00,2026-09-06T23:10:21.086000+00:00,158,69,0,0,verificado_con_violaciones,69,0,verificado_con_violaciones,0,verificado_sin_violaciones,no_aplica,no_aplica,no_aplica,no_aplica,no_verificado,69,69,0.436709,false
none,saga,50,4,60.0,300.0,0.0,5.0,50,50,936,0,0.0,442,0,442,0.0,"{""200"": 494, ""201"": 444}",17000,29000,34000,2.769337303785556,0.0,0.0,74.8,77.22,False,,1788736411.676,340.229,2026-09-06T23:13:31.676000+00:00,2026-09-06T23:19:11.905000+00:00,444,0,0,0,verificado_sin_violaciones,88,0,verificado_con_violaciones,0,verificado_sin_violaciones,355,89,27450875.675,verificado_parcial_con_pendientes,no_verificado,88,88,0.198198,false
none,saga,100,4,60.0,300.0,0.0,5.0,100,100,1070,42,0.039252,471,15,456,0.031847,"{""0"": 1, ""200"": 572, ""201"": 457, ""500"": 2, ""503"": 39}",31000,55000,64000,2.937926302152718,0.58,104.2,77.98,80.33,False,,1788736982.552,366.015,2026-09-06T23:23:02.552000+00:00,2026-09-06T23:29:08.567000+00:00,459,2,0,0,verificado_con_violaciones,459,0,verificado_con_violaciones,0,verificado_sin_violaciones,0,457,no_verificado,no_verificado,no_verificado,459,459,1.0,false
none,saga,200,4,60.0,300.0,0.0,5.0,200,200,1487,657,0.441829,436,243,193,0.557339,"{""0"": 101, ""200"": 637, ""201"": 194, ""401"": 10, ""409"": 2, ""500"": 83, ""503"": 461}",45000,90000,90000,4.000836547933359,0.0,0.0,85.72,89.73,False,,1788737687.718,373.885,2026-09-06T23:34:47.718000+00:00,2026-09-06T23:41:01.603000+00:00,296,52,0,0,verificado_con_violaciones,296,0,verificado_con_violaciones,0,verificado_sin_violaciones,0,244,no_verificado,no_verificado,no_verificado,296,296,1.0,false
none,saga,400,4,60.0,300.0,0.0,5.0,400,400,3826,2843,0.743074,306,289,17,0.944444,"{""0"": 2572, ""200"": 967, ""201"": 18, ""401"": 167, ""500"": 23, ""503"": 83}",17000,90000,92000,9.710640518984558,0.0,0.0,106.37,112.42,False,,1788738539.13,396.587,2026-09-06T23:48:59.130000+00:00,2026-09-06T23:55:35.717000+00:00,239,42,0,0,verificado_con_violaciones,239,0,verificado_con_violaciones,0,verificado_sin_violaciones,0,197,no_verificado,no_verificado,no_verificado,239,239,1.0,false
omission,saga,50,4,60.0,300.0,0.1,5.0,50,50,923,93,0.100758,436,93,343,0.213303,"{""200"": 487, ""201"": 343, ""500"": 94}",16000,30000,39000,2.7357259229785487,0.0,0.0,75.18,77.43,False,,1788739113.028,344.079,2026-09-06T23:58:33.028000+00:00,2026-09-07T00:04:17.107000+00:00,437,94,0,0,verificado_con_violaciones,437,0,verificado_con_violaciones,0,verificado_sin_violaciones,0,343,no_verificado,no_verificado,no_verificado,437,437,1.0,false
omission,saga,100,4,60.0,300.0,0.1,5.0,100,100,990,42,0.042424,442,39,403,0.088235,"{""200"": 545, ""201"": 406, ""500"": 38, ""503"": 4}",34000,60000,69000,2.7116922446538574,0.0,0.0,78.21,80.9,False,,1788739696.231,367.218,2026-09-07T00:08:16.231000+00:00,2026-09-07T00:14:23.449000+00:00,444,38,0,0,verificado_con_violaciones,444,0,verificado_con_violaciones,0,verificado_sin_violaciones,0,406,no_verificado,no_verificado,no_verificado,444,444,1.0,false
omission,saga,200,4,60.0,300.0,0.1,5.0,200,200,1427,501,0.351086,503,284,219,0.564612,"{""0"": 71, ""200"": 707, ""201"": 219, ""401"": 4, ""500"": 168, ""503"": 262}",51000,89000,90000,3.8012144906065464,0.0,0.0,86.14,90.41,False,,1788740377.799,377.164,2026-09-07T00:19:37.799000+00:00,2026-09-07T00:25:54.963000+00:00,409,143,0,0,verificado_con_violaciones,409,0,verificado_con_violaciones,0,verificado_sin_violaciones,0,266,no_verificado,no_verificado,no_verificado,409,409,1.0,false
omission,saga,400,4,60.0,300.0,0.1,5.0,400,400,3185,2119,0.665306,394,372,22,0.944162,"{""0"": 1673, ""200"": 1044, ""201"": 22, ""401"": 183, ""500"": 33, ""503"": 230}",17000,92000,92000,8.09579526088,0.5,97.7,106.11,112.84,False,,1788741234.593,396.136,2026-09-07T00:33:54.593000+00:00,2026-09-07T00:40:30.729000+00:00,234,140,0,0,verificado_con_violaciones,234,0,verificado_con_violaciones,0,verificado_sin_violaciones,0,94,no_verificado,no_verificado,no_verificado,234,234,1.0,false
timing,saga,50,4,60.0,300.0,0.1,5.0,50,50,840,42,0.05,380,16,364,0.042105,"{""200"": 434, ""201"": 368, ""503"": 42}",18000,34000,40000,2.4822197553564407,0.58,97.7,74.98,76.99,False,,1788741798.79,341.369,2026-09-07T00:43:18.790000+00:00,2026-09-07T00:49:00.159000+00:00,368,0,0,0,verificado_sin_violaciones,368,0,verificado_con_violaciones,0,verificado_sin_violaciones,0,368,no_verificado,no_verificado,no_verificado,368,368,1.0,false
timing,saga,100,4,60.0,300.0,0.1,5.0,100,100,944,15,0.01589,417,7,410,0.016787,"{""0"": 1, ""200"": 519, ""201"": 412, ""500"": 2, ""503"": 12}",36000,64000,73000,2.5357628392003098,0.53,97.7,78.12,80.5,False,,1788742383.291,374.004,2026-09-07T00:53:03.291000+00:00,2026-09-07T00:59:17.295000+00:00,414,1,0,0,verificado_con_violaciones,414,0,verificado_con_violaciones,0,verificado_sin_violaciones,0,413,no_verificado,no_verificado,no_verificado,414,414,1.0,false
timing,saga,200,4,60.0,300.0,0.1,5.0,200,200,1418,312,0.220028,559,213,346,0.381038,"{""0"": 50, ""200"": 760, ""201"": 347, ""401"": 8, ""500"": 114, ""503"": 140}",50000,86000,90000,3.659150222121246,0.0,0.0,86.63,91.74,False,,1788743094.756,389.192,2026-09-07T01:04:54.756000+00:00,2026-09-07T01:11:23.948000+00:00,461,75,0,0,verificado_con_violaciones,461,0,verificado_con_violaciones,0,verificado_sin_violaciones,0,386,no_verificado,no_verificado,no_verificado,461,461,1.0,false
timing,saga,400,4,60.0,300.0,0.1,5.0,400,400,3294,2261,0.6864,239,218,21,0.912134,"{""0"": 1835, ""200"": 1012, ""201"": 21, ""401"": 195, ""409"": 10, ""500"": 19, ""503"": 202}",17000,92000,92000,8.351683816435658,0.0,0.0,106.04,112.08,False,,1788743981.166,396.247,2026-09-07T01:19:41.166000+00:00,2026-09-07T01:26:17.413000+00:00,231,107,0,0,verificado_con_violaciones,231,0,verificado_con_violaciones,0,verificado_sin_violaciones,0,124,no_verificado,no_verificado,no_verificado,231,231,1.0,false
none,2pc,50,5,60.0,300.0,0.0,5.0,50,50,681,0,0.0,315,0,315,0.0,"{""200"": 366, ""201"": 316}",21000,44000,56000,2.023902406966625,0.0,0.0,74.9,76.9,False,,1788744559.423,339.915,2026-09-07T01:29:19.423000+00:00,2026-09-07T01:34:59.338000+00:00,316,0,0,0,verificado_sin_violaciones,0,0,verificado_sin_violaciones,0,verificado_sin_violaciones,no_aplica,no_aplica,no_aplica,no_aplica,no_verificado,0,0,0.0,no_verificado
none,2pc,100,5,60.0,300.0,0.0,5.0,100,100,843,84,0.099644,366,76,290,0.20765,"{""0"": 30, ""200"": 469, ""201"": 293, ""409"": 6, ""500"": 43, ""503"": 5}",36000,86000,90000,2.3601315380086034,0.0,0.0,78.58,81.8,False,,1788745133.111,359.734,2026-09-07T01:38:53.111000+00:00,2026-09-07T01:44:52.845000+00:00,365,28,0,0,verificado_con_violaciones,36,0,verificado_con_violaciones,0,verificado_sin_violaciones,no_aplica,no_aplica,no_aplica,no_aplica,no_verificado,36,36,0.09863,false
none,2pc,200,5,60.0,300.0,0.0,5.0,200,200,1422,562,0.395218,501,356,145,0.710579,"{""0"": 136, ""200"": 715, ""201"": 145, ""401"": 16, ""409"": 31, ""500"": 135, ""503"": 244}",51000,90000,92000,3.6158234647243135,0.0,0.8,86.66,91.58,False,,1788745835.736,396.04,2026-09-07T01:50:35.736000+00:00,2026-09-07T01:57:11.776000+00:00,356,103,0,0,verificado_con_violaciones,108,0,verificado_con_violaciones,0,verificado_sin_violaciones,no_aplica,no_aplica,no_aplica,no_aplica,no_verificado,108,108,0.303371,false
none,2pc,400,5,60.0,300.0,0.0,5.0,400,400,3021,2020,0.668653,353,333,20,0.943343,"{""0"": 1702, ""200"": 981, ""201"": 20, ""401"": 86, ""409"": 4, ""500"": 14, ""503"": 214}",22000,92000,92000,7.661443678014493,0.0,0.0,106.48,111.07,False,,1788746714.269,396.248,2026-09-07T02:05:14.269000+00:00,2026-09-07T02:11:50.517000+00:00,189,48,0,0,verificado_con_violaciones,54,0,verificado_con_violaciones,0,verificado_sin_violaciones,no_aplica,no_aplica,no_aplica,no_aplica,no_verificado,54,54,0.285714,false
omission,2pc,50,5,60.0,300.0,0.1,5.0,50,50,709,62,0.087447,317,38,279,0.119874,"{""200"": 368, ""201"": 279, ""500"": 22, ""503"": 41}",20000,42000,49000,2.1563279153756474,0.0,0.0,74.32,76.35,False,,1788747285.644,332.745,2026-09-07T02:14:45.644000+00:00,2026-09-07T02:20:18.389000+00:00,301,22,0,0,verificado_con_violaciones,22,0,verificado_con_violaciones,0,verificado_sin_violaciones,no_aplica,no_aplica,no_aplica,no_aplica,no_verificado,22,22,0.07309,false
omission,2pc,100,5,60.0,300.0,0.1,5.0,100,100,901,70,0.077691,386,46,340,0.119171,"{""0"": 2, ""200"": 491, ""201"": 344, ""500"": 35, ""503"": 34}",35000,68000,83000,2.613714692653251,0.01,1.6,78.81,82.12,False,,1788747853.605,346.856,2026-09-07T02:24:13.605000+00:00,2026-09-07T02:30:00.461000+00:00,381,35,0,0,verificado_con_violaciones,35,0,verificado_con_violaciones,0,verificado_sin_violaciones,no_aplica,no_aplica,no_aplica,no_aplica,no_verificado,35,35,0.091864,false
omission,2pc,200,5,60.0,300.0,0.1,5.0,200,200,1367,552,0.403804,473,334,139,0.706131,"{""0"": 137, ""200"": 676, ""201"": 141, ""401"": 16, ""409"": 20, ""500"": 158, ""503"": 222}",52000,90000,90000,3.661850512671654,0.0,0.0,86.16,91.07,False,,1788748541.593,378.181,2026-09-07T02:35:41.593000+00:00,2026-09-07T02:41:59.774000+00:00,336,134,0,0,verificado_con_violaciones,134,0,verificado_con_violaciones,0,verificado_sin_violaciones,no_aplica,no_aplica,no_aplica,no_aplica,no_verificado,134,134,0.39881,false
omission,2pc,400,5,60.0,300.0,0.1,5.0,400,400,4084,3056,0.748286,409,355,54,0.867971,"{""0"": 2708, ""200"": 974, ""201"": 58, ""401"": 215, ""500"": 47, ""503"": 86}",17000,90000,92000,10.382687799011146,0.5,97.7,106.71,112.29,False,,1788749428.959,396.177,2026-09-07T02:50:28.959000+00:00,2026-09-07T02:57:05.136000+00:00,315,84,0,0,verificado_con_violaciones,126,0,verificado_con_violaciones,0,verificado_sin_violaciones,no_aplica,no_aplica,no_aplica,no_aplica,no_verificado,126,126,0.4,false
timing,2pc,50,5,60.0,300.0,0.1,5.0,50,50,842,40,0.047506,387,23,364,0.059432,"{""200"": 438, ""201"": 365, ""503"": 40}",17000,37000,42000,2.440810741566119,0.0,0.0,75.15,77.27,False,,1788750003.829,347.165,2026-09-07T03:00:03.829000+00:00,2026-09-07T03:05:50.994000+00:00,365,0,0,0,verificado_sin_violaciones,0,0,verificado_sin_violaciones,0,verificado_sin_violaciones,no_aplica,no_aplica,no_aplica,no_aplica,no_verificado,0,0,0.0,no_verificado
timing,2pc,100,5,60.0,300.0,0.1,5.0,100,100,925,48,0.051892,398,20,378,0.050251,"{""200"": 499, ""201"": 379, ""503"": 48}",39000,73000,83000,2.3826346878856444,0.54,104.2,79.15,81.89,False,,1788750590.675,389.928,2026-09-07T03:09:50.675000+00:00,2026-09-07T03:16:20.603000+00:00,379,0,0,0,verificado_sin_violaciones,0,0,verificado_sin_violaciones,0,verificado_sin_violaciones,no_aplica,no_aplica,no_aplica,no_aplica,no_verificado,0,0,0.0,no_verificado
timing,2pc,200,5,60.0,300.0,0.1,5.0,200,200,1375,565,0.410909,494,380,114,0.769231,"{""0"": 140, ""200"": 696, ""201"": 115, ""401"": 14, ""409"": 13, ""500"": 139, ""503"": 260}",52000,90000,91000,3.6032133579042793,0.0,0.0,86.38,92.0,False,,1788751323.811,384.498,2026-09-07T03:22:03.811000+00:00,2026-09-07T03:28:28.309000+00:00,329,127,0,0,verificado_con_violaciones,127,0,verificado_con_violaciones,0,verificado_sin_violaciones,no_aplica,no_aplica,no_aplica,no_aplica,no_verificado,127,127,0.386018,false
timing,2pc,400,5,60.0,300.0,0.1,5.0,400,400,5005,4307,0.860539,283,235,48,0.830389,"{""0"": 3995, ""200"": 650, ""201"": 48, ""401"": 162, ""500"": 20, ""503"": 134}",17000,81000,92000,12.721558164731507,0.0,0.0,105.76,110.44,False,,1788752186.858,396.143,2026-09-07T03:36:26.858000+00:00,2026-09-07T03:43:03.001000+00:00,233,44,0,0,verificado_con_violaciones,44,0,verificado_con_violaciones,0,verificado_sin_violaciones,no_aplica,no_aplica,no_aplica,no_aplica,no_verificado,44,44,0.188841,false
none,saga,50,5,60.0,300.0,0.0,5.0,50,50,853,99,0.116061,361,20,341,0.055402,"{""200"": 413, ""201"": 343, ""503"": 99}",18000,35000,45000,2.604167797929295,0.0,0.0,75.09,77.24,False,,1788752756.828,329.742,2026-09-07T03:45:56.828000+00:00,2026-09-07T03:51:26.570000+00:00,343,0,0,0,verificado_sin_violaciones,343,0,verificado_con_violaciones,0,verificado_sin_violaciones,0,343,no_verificado,no_verificado,no_verificado,343,343,1.0,false
none,saga,100,5,60.0,300.0,0.0,5.0,100,100,938,4,0.004264,415,2,413,0.004819,"{""200"": 521, ""201"": 419, ""503"": 4}",35000,62000,74000,2.67279873416319,0.6,104.2,77.76,80.33,False,,1788753314.899,353.221,2026-09-07T03:55:14.899000+00:00,2026-09-07T04:01:08.120000+00:00,419,0,0,0,verificado_sin_violaciones,419,0,verificado_con_violaciones,0,verificado_sin_violaciones,0,419,no_verificado,no_verificado,no_verificado,419,419,1.0,false
none,saga,200,5,60.0,300.0,0.0,5.0,200,200,1515,600,0.39604,488,263,225,0.538934,"{""0"": 82, ""200"": 690, ""201"": 225, ""401"": 20, ""409"": 1, ""500"": 117, ""503"": 382}",47000,90000,90000,3.935437776443969,0.51,97.7,86.34,91.09,False,,1788754011.924,387.439,2026-09-07T04:06:51.924000+00:00,2026-09-07T04:13:19.363000+00:00,364,86,0,0,verificado_con_violaciones,364,0,verificado_con_violaciones,0,verificado_sin_violaciones,0,278,no_verificado,no_verificado,no_verificado,364,364,1.0,false
none,saga,400,5,60.0,300.0,0.0,5.0,400,400,3900,3361,0.861795,29,11,18,0.37931,"{""0"": 2011, ""200"": 521, ""201"": 18, ""401"": 170, ""409"": 950, ""500"": 3, ""503"": 229}",17000,83000,90000,10.2093783837577,0.0,0.0,104.24,109.14,False,,1788754882.006,384.18,2026-09-07T04:21:22.006000+00:00,2026-09-07T04:27:46.186000+00:00,27,0,0,0,verificado_sin_violaciones,27,0,verificado_con_violaciones,0,verificado_sin_violaciones,0,27,no_verificado,no_verificado,no_verificado,27,27,1.0,false
omission,saga,50,5,60.0,300.0,0.1,5.0,50,50,600,58,0.096667,268,45,223,0.16791,"{""0"": 2, ""200"": 319, ""201"": 223, ""500"": 31, ""503"": 26}",24000,59000,75000,1.827446302838671,0.0,0.0,74.51,76.66,False,,1788755602.852,333.027,2026-09-07T04:33:22.852000+00:00,2026-09-07T04:38:55.879000+00:00,255,30,0,0,verificado_con_violaciones,255,0,verificado_con_violaciones,0,verificado_sin_violaciones,0,225,no_verificado,no_verificado,no_verificado,255,255,1.0,false
omission,saga,100,5,60.0,300.0,0.1,5.0,100,100,952,85,0.089286,423,82,341,0.193853,"{""0"": 1, ""200"": 526, ""201"": 344, ""500"": 80, ""503"": 4}",34000,61000,73000,2.6384504618525297,0.0,0.0,78.68,81.64,False,,1788756169.887,363.72,2026-09-07T04:42:49.887000+00:00,2026-09-07T04:48:53.607000+00:00,425,80,0,0,verificado_con_violaciones,425,0,verificado_con_violaciones,0,verificado_sin_violaciones,0,345,no_verificado,no_verificado,no_verificado,425,425,1.0,false
omission,saga,200,5,60.0,300.0,0.1,5.0,200,200,1426,544,0.381487,489,300,189,0.613497,"{""0"": 123, ""200"": 693, ""201"": 189, ""401"": 25, ""409"": 23, ""500"": 173, ""503"": 204}",50000,90000,92000,3.7478536940067677,0.52,97.7,86.24,90.97,False,,1788756867.725,383.644,2026-09-07T04:54:27.725000+00:00,2026-09-07T05:00:51.369000+00:00,390,130,0,0,verificado_con_violaciones,390,0,verificado_con_violaciones,0,verificado_sin_violaciones,0,260,no_verificado,no_verificado,no_verificado,390,390,1.0,false
omission,saga,400,5,60.0,300.0,0.1,5.0,400,400,3804,2799,0.735804,309,266,43,0.860841,"{""0"": 2416, ""200"": 962, ""201"": 43, ""401"": 172, ""500"": 18, ""503"": 193}",17000,90000,92000,9.645329573225148,0.5,97.7,106.31,112.13,False,,1788757726.866,396.095,2026-09-07T05:08:46.866000+00:00,2026-09-07T05:15:22.961000+00:00,232,81,0,0,verificado_con_violaciones,232,0,verificado_con_violaciones,0,verificado_sin_violaciones,0,151,no_verificado,no_verificado,no_verificado,232,232,1.0,false
timing,saga,50,5,60.0,300.0,0.1,5.0,50,50,839,0,0.0,394,0,394,0.0,"{""200"": 445, ""201"": 395}",18000,33000,40000,2.5876853524800727,0.6,97.7,74.93,77.11,False,,1788758300.308,328.736,2026-09-07T05:18:20.308000+00:00,2026-09-07T05:23:49.044000+00:00,395,0,0,0,verificado_sin_violaciones,395,0,verificado_con_violaciones,0,verificado_sin_violaciones,0,395,no_verificado,no_verificado,no_verificado,395,395,1.0,false
timing,saga,100,5,60.0,300.0,0.1,5.0,100,100,1010,76,0.075248,427,22,405,0.051522,"{""0"": 2, ""200"": 529, ""201"": 407, ""500"": 2, ""503"": 72}",32000,60000,71000,2.8512589717967636,0.0,0.0,79.09,81.67,False,,1788758879.859,357.398,2026-09-07T05:27:59.859000+00:00,2026-09-07T05:33:57.257000+00:00,409,0,0,0,verificado_sin_violaciones,409,0,verificado_con_violaciones,0,verificado_sin_violaciones,0,409,no_verificado,no_verificado,no_verificado,409,409,1.0,false
timing,saga,200,5,60.0,300.0,0.1,5.0,200,200,1395,413,0.296057,518,256,262,0.494208,"{""0"": 90, ""200"": 720, ""201"": 263, ""401"": 7, ""500"": 94, ""503"": 223}",51000,90000,90000,3.614439439297557,0.0,0.0,86.55,91.27,False,,1788759565.652,388.812,2026-09-07T05:39:25.652000+00:00,2026-09-07T05:45:54.464000+00:00,385,57,0,0,verificado_con_violaciones,385,0,verificado_con_violaciones,0,verificado_sin_violaciones,0,328,no_verificado,no_verificado,no_verificado,385,385,1.0,false
timing,saga,400,5,60.0,300.0,0.1,5.0,400,400,3998,3058,0.764882,305,265,40,0.868852,"{""0"": 2724, ""200"": 901, ""201"": 40, ""401"": 174, ""409"": 1, ""500"": 29, ""503"": 131}",17000,90000,92000,10.137338221032744,0.26,50.4,107.02,112.45,False,,1788760437.579,396.234,2026-09-07T05:53:57.579000+00:00,2026-09-07T06:00:33.813000+00:00,239,40,0,0,verificado_con_violaciones,239,0,verificado_con_violaciones,0,verificado_sin_violaciones,0,199,no_verificado,no_verificado,no_verificado,239,239,1.0,false
