fallo,coord,concurrencia,repeticion,inicio_utc,fin_utc,ordenes_persistidas,ordenes_sin_factura,facturas_importe_distinto,orden_factura_lineas_distintas,orden_factura_estado,ordenes_stock_ausente_o_distinto,ordenes_descuento_duplicado,inventario_exactamente_una_vez_estado,eventos_stock_negativo,stock_no_negativo_estado,outbox_procesados_saga,outbox_no_resueltos_saga,convergencia_compensacion_ms,convergencia_compensacion_estado,cancelados_compensados_estado,inconsistencias,ordenes_con_inconsistencia,tasa_inconsistencia,oracle_pass
none,2pc,50,1,2026-09-06T07:30:47.073000+00:00,2026-09-06T07:36:09.607000+00:00,409,0,0,0,verificado_sin_violaciones,0,0,verificado_sin_violaciones,0,verificado_sin_violaciones,no_aplica,no_aplica,no_aplica,no_aplica,no_verificado,0,0,0.0,no_verificado
none,2pc,100,1,2026-09-06T07:40:17.884000+00:00,2026-09-06T07:46:18.646000+00:00,425,3,0,0,verificado_con_violaciones,3,0,verificado_con_violaciones,0,verificado_sin_violaciones,no_aplica,no_aplica,no_aplica,no_aplica,no_verificado,3,3,0.007059,false
none,2pc,200,1,2026-09-06T07:51:50.813000+00:00,2026-09-06T07:58:00.963000+00:00,399,75,0,0,verificado_con_violaciones,75,0,verificado_con_violaciones,0,verificado_sin_violaciones,no_aplica,no_aplica,no_aplica,no_aplica,no_verificado,75,75,0.18797,false
none,2pc,400,1,2026-09-06T08:05:44.963000+00:00,2026-09-06T08:12:21.408000+00:00,240,49,0,0,verificado_con_violaciones,49,0,verificado_con_violaciones,0,verificado_sin_violaciones,no_aplica,no_aplica,no_aplica,no_aplica,no_verificado,49,49,0.204167,false
omission,2pc,50,1,2026-09-06T08:15:03.389000+00:00,2026-09-06T08:20:38.992000+00:00,430,73,0,0,verificado_con_violaciones,73,0,verificado_con_violaciones,0,verificado_sin_violaciones,no_aplica,no_aplica,no_aplica,no_aplica,no_verificado,73,73,0.169767,false
omission,2pc,100,1,2026-09-06T08:24:27.091000+00:00,2026-09-06T08:30:33.521000+00:00,410,67,0,0,verificado_con_violaciones,67,0,verificado_con_violaciones,0,verificado_sin_violaciones,no_aplica,no_aplica,no_aplica,no_aplica,no_verificado,67,67,0.163415,false
omission,2pc,200,1,2026-09-06T08:36:01.073000+00:00,2026-09-06T08:42:30.650000+00:00,448,122,0,0,verificado_con_violaciones,122,0,verificado_con_violaciones,0,verificado_sin_violaciones,no_aplica,no_aplica,no_aplica,no_aplica,no_verificado,122,122,0.272321,false
omission,2pc,400,1,2026-09-06T08:50:21.652000+00:00,2026-09-06T08:56:57.935000+00:00,262,177,0,0,verificado_con_violaciones,177,0,verificado_con_violaciones,0,verificado_sin_violaciones,no_aplica,no_aplica,no_aplica,no_aplica,no_verificado,177,177,0.675573,false
timing,2pc,50,1,2026-09-06T08:59:48.696000+00:00,2026-09-06T09:05:22.768000+00:00,404,0,0,0,verificado_sin_violaciones,0,0,verificado_sin_violaciones,0,verificado_sin_violaciones,no_aplica,no_aplica,no_aplica,no_aplica,no_verificado,0,0,0.0,no_verificado
timing,2pc,100,1,2026-09-06T09:09:27.487000+00:00,2026-09-06T09:15:46.877000+00:00,404,4,0,0,verificado_con_violaciones,4,0,verificado_con_violaciones,0,verificado_sin_violaciones,no_aplica,no_aplica,no_aplica,no_aplica,no_verificado,4,4,0.009901,false
timing,2pc,200,1,2026-09-06T09:21:17.354000+00:00,2026-09-06T09:27:52.769000+00:00,374,98,0,0,verificado_con_violaciones,98,0,verificado_con_violaciones,0,verificado_sin_violaciones,no_aplica,no_aplica,no_aplica,no_aplica,no_verificado,98,98,0.262032,false
timing,2pc,400,1,2026-09-06T09:35:43.604000+00:00,2026-09-06T09:42:19.918000+00:00,272,55,0,0,verificado_con_violaciones,55,0,verificado_con_violaciones,0,verificado_sin_violaciones,no_aplica,no_aplica,no_aplica,no_aplica,no_verificado,55,55,0.202206,false
none,saga,50,1,2026-09-06T09:45:22.807000+00:00,2026-09-06T09:51:01.677000+00:00,383,0,0,0,verificado_sin_violaciones,0,0,verificado_sin_violaciones,0,verificado_sin_violaciones,382,1,784369.067,verificado_parcial_con_pendientes,no_verificado,0,0,0.0,no_verificado
none,saga,100,1,2026-09-06T09:55:07.768000+00:00,2026-09-06T10:01:01.185000+00:00,441,2,0,0,verificado_con_violaciones,2,0,verificado_con_violaciones,0,verificado_sin_violaciones,438,1,2326755.758,verificado_parcial_con_pendientes,no_verificado,2,2,0.004535,false
none,saga,200,1,2026-09-06T10:06:40.693000+00:00,2026-09-06T10:13:01.164000+00:00,470,70,0,0,verificado_con_violaciones,70,0,verificado_con_violaciones,0,verificado_sin_violaciones,394,6,4263212.966,verificado_parcial_con_pendientes,no_verificado,70,70,0.148936,false
none,saga,400,1,2026-09-06T10:20:52.971000+00:00,2026-09-06T10:27:29.402000+00:00,345,50,0,0,verificado_con_violaciones,50,0,verificado_con_violaciones,0,verificado_sin_violaciones,288,7,5630062.736,verificado_parcial_con_pendientes,no_verificado,50,50,0.144928,false
omission,saga,50,1,2026-09-06T10:30:17.281000+00:00,2026-09-06T10:35:47.035000+00:00,471,47,0,0,verificado_con_violaciones,48,0,verificado_con_violaciones,0,verificado_sin_violaciones,417,7,7247437.402,verificado_parcial_con_pendientes,no_verificado,48,48,0.101911,false
omission,saga,100,1,2026-09-06T10:39:51.024000+00:00,2026-09-06T10:45:43.705000+00:00,462,44,0,0,verificado_con_violaciones,49,0,verificado_con_violaciones,0,verificado_sin_violaciones,408,10,9209126.188,verificado_parcial_con_pendientes,no_verificado,49,49,0.106061,false
omission,saga,200,1,2026-09-06T10:51:12.795000+00:00,2026-09-06T10:57:24.266000+00:00,477,144,0,0,verificado_con_violaciones,147,0,verificado_con_violaciones,0,verificado_sin_violaciones,324,9,11148292.912,verificado_parcial_con_pendientes,no_verificado,147,147,0.308176,false
omission,saga,400,1,2026-09-06T11:05:18.859000+00:00,2026-09-06T11:11:55.061000+00:00,300,120,0,0,verificado_con_violaciones,120,0,verificado_con_violaciones,0,verificado_sin_violaciones,180,0,12141161.201,verificado,no_verificado,120,120,0.4,false
timing,saga,50,1,2026-09-06T11:14:48.001000+00:00,2026-09-06T11:20:09.387000+00:00,444,0,0,0,verificado_sin_violaciones,2,0,verificado_con_violaciones,0,verificado_sin_violaciones,440,4,13375338.77,verificado_parcial_con_pendientes,no_verificado,2,2,0.004505,false
timing,saga,100,1,2026-09-06T11:23:49.233000+00:00,2026-09-06T11:29:38.138000+00:00,453,2,0,0,verificado_con_violaciones,3,0,verificado_con_violaciones,0,verificado_sin_violaciones,447,4,15119778.134,verificado_parcial_con_pendientes,no_verificado,3,3,0.006623,false
timing,saga,200,1,2026-09-06T11:35:12.050000+00:00,2026-09-06T11:41:31.825000+00:00,410,81,0,0,verificado_con_violaciones,81,0,verificado_con_violaciones,0,verificado_sin_violaciones,328,1,16853757.969,verificado_parcial_con_pendientes,no_verificado,81,81,0.197561,false
timing,saga,400,1,2026-09-06T11:49:25.996000+00:00,2026-09-06T11:56:02.249000+00:00,315,108,0,0,verificado_con_violaciones,108,0,verificado_con_violaciones,0,verificado_sin_violaciones,204,3,18294803.658,verificado_parcial_con_pendientes,no_verificado,108,108,0.342857,false
none,2pc,50,2,2026-09-06T11:59:13.024000+00:00,2026-09-06T12:04:38.456000+00:00,411,0,0,0,verificado_sin_violaciones,0,0,verificado_sin_violaciones,0,verificado_sin_violaciones,no_aplica,no_aplica,no_aplica,no_aplica,no_verificado,0,0,0.0,no_verificado
none,2pc,100,2,2026-09-06T12:08:32.235000+00:00,2026-09-06T12:14:39.562000+00:00,399,2,0,0,verificado_con_violaciones,2,0,verificado_con_violaciones,0,verificado_sin_violaciones,no_aplica,no_aplica,no_aplica,no_aplica,no_verificado,2,2,0.005013,false
none,2pc,200,2,2026-09-06T12:20:19.544000+00:00,2026-09-06T12:26:36.484000+00:00,389,72,0,0,verificado_con_violaciones,72,0,verificado_con_violaciones,0,verificado_sin_violaciones,no_aplica,no_aplica,no_aplica,no_aplica,no_verificado,72,72,0.18509,false
none,2pc,400,2,2026-09-06T12:34:27.594000+00:00,2026-09-06T12:41:04.078000+00:00,258,44,0,0,verificado_con_violaciones,44,0,verificado_con_violaciones,0,verificado_sin_violaciones,no_aplica,no_aplica,no_aplica,no_aplica,no_verificado,44,44,0.170543,false
omission,2pc,50,2,2026-09-06T12:43:53.998000+00:00,2026-09-06T12:49:36.389000+00:00,365,30,0,0,verificado_con_violaciones,30,0,verificado_con_violaciones,0,verificado_sin_violaciones,no_aplica,no_aplica,no_aplica,no_aplica,no_verificado,30,30,0.082192,false
omission,2pc,100,2,2026-09-06T12:53:39.613000+00:00,2026-09-06T12:59:39.474000+00:00,415,40,0,0,verificado_con_violaciones,40,0,verificado_con_violaciones,0,verificado_sin_violaciones,no_aplica,no_aplica,no_aplica,no_aplica,no_verificado,40,40,0.096386,false
omission,2pc,200,2,2026-09-06T13:05:20.132000+00:00,2026-09-06T13:11:48.246000+00:00,446,138,0,0,verificado_con_violaciones,138,0,verificado_con_violaciones,0,verificado_sin_violaciones,no_aplica,no_aplica,no_aplica,no_aplica,no_verificado,138,138,0.309417,false
omission,2pc,400,2,2026-09-06T13:19:45.625000+00:00,2026-09-06T13:26:22.054000+00:00,295,75,0,0,verificado_con_violaciones,75,0,verificado_con_violaciones,0,verificado_sin_violaciones,no_aplica,no_aplica,no_aplica,no_aplica,no_verificado,75,75,0.254237,false
timing,2pc,50,2,2026-09-06T13:29:08.698000+00:00,2026-09-06T13:34:36.250000+00:00,373,0,0,0,verificado_sin_violaciones,0,0,verificado_sin_violaciones,0,verificado_sin_violaciones,no_aplica,no_aplica,no_aplica,no_aplica,no_verificado,0,0,0.0,no_verificado
timing,2pc,100,2,2026-09-06T13:38:28.516000+00:00,2026-09-06T13:44:32.470000+00:00,394,0,0,0,verificado_sin_violaciones,0,0,verificado_sin_violaciones,0,verificado_sin_violaciones,no_aplica,no_aplica,no_aplica,no_aplica,no_verificado,0,0,0.0,no_verificado
timing,2pc,200,2,2026-09-06T13:50:12.619000+00:00,2026-09-06T13:56:34.003000+00:00,396,63,0,0,verificado_con_violaciones,63,0,verificado_con_violaciones,0,verificado_sin_violaciones,no_aplica,no_aplica,no_aplica,no_aplica,no_verificado,63,63,0.159091,false
timing,2pc,400,2,2026-09-06T14:04:27.907000+00:00,2026-09-06T14:11:04.020000+00:00,277,73,0,0,verificado_con_violaciones,73,0,verificado_con_violaciones,0,verificado_sin_violaciones,no_aplica,no_aplica,no_aplica,no_aplica,no_verificado,73,73,0.263538,false
none,saga,50,2,2026-09-06T14:14:08.859000+00:00,2026-09-06T14:19:49.350000+00:00,451,0,0,0,verificado_sin_violaciones,0,0,verificado_sin_violaciones,0,verificado_sin_violaciones,447,4,11608067.052,verificado_parcial_con_pendientes,no_verificado,0,0,0.0,no_verificado
none,saga,100,2,2026-09-06T14:23:40.976000+00:00,2026-09-06T14:29:53.672000+00:00,472,4,0,0,verificado_con_violaciones,10,0,verificado_con_violaciones,0,verificado_sin_violaciones,456,12,13718886.608,verificado_parcial_con_pendientes,no_verificado,10,10,0.021186,false
none,saga,200,2,2026-09-06T14:35:33.356000+00:00,2026-09-06T14:41:47.777000+00:00,398,48,0,0,verificado_con_violaciones,48,0,verificado_con_violaciones,0,verificado_sin_violaciones,347,3,15752165.093,verificado_parcial_con_pendientes,no_verificado,48,48,0.120603,false
none,saga,400,2,2026-09-06T14:49:44.024000+00:00,2026-09-06T14:56:20.351000+00:00,315,50,0,0,verificado_con_violaciones,50,0,verificado_con_violaciones,0,verificado_sin_violaciones,264,1,16956211.666,verificado_parcial_con_pendientes,no_verificado,50,50,0.15873,false
omission,saga,50,2,2026-09-06T14:59:22.330000+00:00,2026-09-06T15:04:58.593000+00:00,386,58,0,0,verificado_con_violaciones,60,0,verificado_con_violaciones,0,verificado_sin_violaciones,325,3,18032364.074,verificado_parcial_con_pendientes,no_verificado,60,60,0.15544,false
omission,saga,100,2,2026-09-06T15:08:43.070000+00:00,2026-09-06T15:14:53.976000+00:00,462,49,0,0,verificado_con_violaciones,49,0,verificado_con_violaciones,0,verificado_sin_violaciones,412,1,19531950.862,verificado_parcial_con_pendientes,no_verificado,49,49,0.106061,false
omission,saga,200,2,2026-09-06T15:20:31.324000+00:00,2026-09-06T15:26:58.488000+00:00,430,193,0,0,verificado_con_violaciones,193,0,verificado_con_violaciones,0,verificado_sin_violaciones,230,7,21126098.912,verificado_parcial_con_pendientes,no_verificado,193,193,0.448837,false
omission,saga,400,2,2026-09-06T15:34:51.418000+00:00,2026-09-06T15:41:27.632000+00:00,256,74,0,0,verificado_con_violaciones,83,0,verificado_con_violaciones,0,verificado_sin_violaciones,171,11,21478060.601,verificado_parcial_con_pendientes,no_verificado,83,83,0.324219,false
timing,saga,50,2,2026-09-06T15:44:17.371000+00:00,2026-09-06T15:49:46.651000+00:00,404,0,0,0,verificado_sin_violaciones,0,0,verificado_sin_violaciones,0,verificado_sin_violaciones,393,11,23024167.831,verificado_parcial_con_pendientes,no_verificado,0,0,0.0,no_verificado
timing,saga,100,2,2026-09-06T15:53:30.019000+00:00,2026-09-06T15:59:37.117000+00:00,419,4,0,0,verificado_con_violaciones,4,0,verificado_con_violaciones,0,verificado_sin_violaciones,412,3,24971123.874,verificado_parcial_con_pendientes,no_verificado,4,4,0.009547,false
timing,saga,200,2,2026-09-06T16:05:16.789000+00:00,2026-09-06T16:11:49.652000+00:00,473,87,0,0,verificado_con_violaciones,87,0,verificado_con_violaciones,0,verificado_sin_violaciones,384,2,26872868.702,verificado_parcial_con_pendientes,no_verificado,87,87,0.183932,false
timing,saga,400,2,2026-09-06T16:19:50.965000+00:00,2026-09-06T16:26:27.138000+00:00,310,118,0,0,verificado_con_violaciones,118,0,verificado_con_violaciones,0,verificado_sin_violaciones,190,2,27854724.785,verificado_parcial_con_pendientes,no_verificado,118,118,0.380645,false
none,2pc,50,3,2026-09-06T16:29:34.531000+00:00,2026-09-06T16:35:04.989000+00:00,362,0,0,0,verificado_sin_violaciones,0,0,verificado_sin_violaciones,0,verificado_sin_violaciones,no_aplica,no_aplica,no_aplica,no_aplica,no_verificado,0,0,0.0,no_verificado
none,2pc,100,3,2026-09-06T16:38:44.835000+00:00,2026-09-06T16:44:36.478000+00:00,406,1,0,0,verificado_con_violaciones,1,0,verificado_con_violaciones,0,verificado_sin_violaciones,no_aplica,no_aplica,no_aplica,no_aplica,no_verificado,1,1,0.002463,false
none,2pc,200,3,2026-09-06T16:50:24.904000+00:00,2026-09-06T16:56:28.804000+00:00,327,54,0,0,verificado_con_violaciones,54,0,verificado_con_violaciones,0,verificado_sin_violaciones,no_aplica,no_aplica,no_aplica,no_aplica,no_verificado,54,54,0.165138,false
none,2pc,400,3,2026-09-06T17:04:28.590000+00:00,2026-09-06T17:11:04.809000+00:00,311,38,0,0,verificado_con_violaciones,38,0,verificado_con_violaciones,0,verificado_sin_violaciones,no_aplica,no_aplica,no_aplica,no_aplica,no_verificado,38,38,0.122186,false
omission,2pc,50,3,2026-09-06T17:13:51.890000+00:00,2026-09-06T17:19:19.594000+00:00,364,42,0,0,verificado_con_violaciones,42,0,verificado_con_violaciones,0,verificado_sin_violaciones,no_aplica,no_aplica,no_aplica,no_aplica,no_verificado,42,42,0.115385,false
omission,2pc,100,3,2026-09-06T17:23:06.969000+00:00,2026-09-06T17:28:47.242000+00:00,390,68,0,0,verificado_con_violaciones,68,0,verificado_con_violaciones,0,verificado_sin_violaciones,no_aplica,no_aplica,no_aplica,no_aplica,no_verificado,68,68,0.174359,false
omission,2pc,200,3,2026-09-06T17:34:34.315000+00:00,2026-09-06T17:40:28.092000+00:00,399,112,0,0,verificado_con_violaciones,112,0,verificado_con_violaciones,0,verificado_sin_violaciones,no_aplica,no_aplica,no_aplica,no_aplica,no_verificado,112,112,0.280702,false
omission,2pc,400,3,2026-09-06T17:48:17.458000+00:00,2026-09-06T17:54:53.606000+00:00,253,68,0,0,verificado_con_violaciones,68,0,verificado_con_violaciones,0,verificado_sin_violaciones,no_aplica,no_aplica,no_aplica,no_aplica,no_verificado,68,68,0.268775,false
timing,2pc,50,3,2026-09-06T17:57:46.523000+00:00,2026-09-06T18:03:24.165000+00:00,347,0,0,0,verificado_sin_violaciones,0,0,verificado_sin_violaciones,0,verificado_sin_violaciones,no_aplica,no_aplica,no_aplica,no_aplica,no_verificado,0,0,0.0,no_verificado
timing,2pc,100,3,2026-09-06T18:07:29.156000+00:00,2026-09-06T18:13:48.762000+00:00,381,12,0,0,verificado_con_violaciones,12,0,verificado_con_violaciones,0,verificado_sin_violaciones,no_aplica,no_aplica,no_aplica,no_aplica,no_verificado,12,12,0.031496,false
timing,2pc,200,3,2026-09-06T18:19:41.127000+00:00,2026-09-06T18:25:25.766000+00:00,332,100,0,0,verificado_con_violaciones,100,0,verificado_con_violaciones,0,verificado_sin_violaciones,no_aplica,no_aplica,no_aplica,no_aplica,no_verificado,100,100,0.301205,false
timing,2pc,400,3,2026-09-06T18:33:27.701000+00:00,2026-09-06T18:40:03.938000+00:00,265,109,0,0,verificado_con_violaciones,109,0,verificado_con_violaciones,0,verificado_sin_violaciones,no_aplica,no_aplica,no_aplica,no_aplica,no_verificado,109,109,0.411321,false
none,saga,50,3,2026-09-06T18:43:05.009000+00:00,2026-09-06T18:48:36.044000+00:00,302,0,0,0,verificado_sin_violaciones,0,0,verificado_sin_violaciones,0,verificado_sin_violaciones,295,7,20602253.014,verificado_parcial_con_pendientes,no_verificado,0,0,0.0,no_verificado
none,saga,100,3,2026-09-06T18:52:41.882000+00:00,2026-09-06T18:58:54.552000+00:00,414,4,0,0,verificado_con_violaciones,4,0,verificado_con_violaciones,0,verificado_sin_violaciones,408,2,22365714.723,verificado_parcial_con_pendientes,no_verificado,4,4,0.009662,false
none,saga,200,3,2026-09-06T19:04:38.311000+00:00,2026-09-06T19:10:45.028000+00:00,327,110,0,0,verificado_con_violaciones,119,0,verificado_con_violaciones,0,verificado_sin_violaciones,202,15,24139745.97,verificado_parcial_con_pendientes,no_verificado,119,119,0.363914,false
none,saga,400,3,2026-09-06T19:18:42.159000+00:00,2026-09-06T19:25:18.488000+00:00,287,36,0,0,verificado_con_violaciones,36,0,verificado_con_violaciones,0,verificado_sin_violaciones,250,1,24783758.058,verificado_parcial_con_pendientes,no_verificado,36,36,0.125436,false
omission,saga,50,3,2026-09-06T19:28:24.915000+00:00,2026-09-06T19:33:53.378000+00:00,383,39,0,0,verificado_con_violaciones,39,0,verificado_con_violaciones,0,verificado_sin_violaciones,337,7,26254880.678,verificado_parcial_con_pendientes,no_verificado,39,39,0.101828,false
omission,saga,100,3,2026-09-06T19:38:03.242000+00:00,2026-09-06T19:43:57.931000+00:00,324,44,0,0,verificado_con_violaciones,45,0,verificado_con_violaciones,0,verificado_sin_violaciones,271,9,28038211.801,verificado_parcial_con_pendientes,no_verificado,45,45,0.138889,false
omission,saga,200,3,2026-09-06T19:49:50.577000+00:00,2026-09-06T19:56:02.069000+00:00,417,152,0,0,verificado_con_violaciones,152,0,verificado_con_violaciones,0,verificado_sin_violaciones,263,2,29167037.291,verificado_parcial_con_pendientes,no_verificado,152,152,0.364508,false
omission,saga,400,3,2026-09-06T20:03:52.587000+00:00,2026-09-06T20:10:28.732000+00:00,284,114,0,0,verificado_con_violaciones,162,0,verificado_con_violaciones,0,verificado_sin_violaciones,114,56,30380923.601,verificado_parcial_con_pendientes,no_verificado,162,162,0.570423,false
timing,saga,50,3,2026-09-06T20:13:26.323000+00:00,2026-09-06T20:18:48.047000+00:00,423,0,0,0,verificado_sin_violaciones,7,0,verificado_con_violaciones,0,verificado_sin_violaciones,410,13,31768202.105,verificado_parcial_con_pendientes,no_verificado,7,7,0.016548,false
timing,saga,100,3,2026-09-06T20:22:42.245000+00:00,2026-09-06T20:28:36.366000+00:00,485,1,0,0,verificado_con_violaciones,1,0,verificado_con_violaciones,0,verificado_sin_violaciones,480,4,33885285.471,verificado_parcial_con_pendientes,no_verificado,1,1,0.002062,false
timing,saga,200,3,2026-09-06T20:34:04.570000+00:00,2026-09-06T20:40:22.506000+00:00,413,139,0,0,verificado_con_violaciones,139,0,verificado_con_violaciones,0,verificado_sin_violaciones,274,0,35188389.907,verificado,no_verificado,139,139,0.336562,false
timing,saga,400,3,2026-09-06T20:48:18.205000+00:00,2026-09-06T20:54:54.348000+00:00,286,67,0,0,verificado_con_violaciones,67,0,verificado_con_violaciones,0,verificado_sin_violaciones,219,0,35554122.71,verificado,no_verificado,67,67,0.234266,false
none,2pc,50,4,2026-09-06T20:57:54.023000+00:00,2026-09-06T21:03:26.305000+00:00,415,0,0,0,verificado_sin_violaciones,0,0,verificado_sin_violaciones,0,verificado_sin_violaciones,no_aplica,no_aplica,no_aplica,no_aplica,no_verificado,0,0,0.0,no_verificado
none,2pc,100,4,2026-09-06T21:07:31.453000+00:00,2026-09-06T21:13:41.943000+00:00,427,2,0,0,verificado_con_violaciones,2,0,verificado_con_violaciones,0,verificado_sin_violaciones,no_aplica,no_aplica,no_aplica,no_aplica,no_verificado,2,2,0.004684,false
none,2pc,200,4,2026-09-06T21:19:21.199000+00:00,2026-09-06T21:25:24.225000+00:00,336,86,0,0,verificado_con_violaciones,86,0,verificado_con_violaciones,0,verificado_sin_violaciones,no_aplica,no_aplica,no_aplica,no_aplica,no_verificado,86,86,0.255952,false
none,2pc,400,4,2026-09-06T21:33:15.314000+00:00,2026-09-06T21:39:51.700000+00:00,232,44,0,0,verificado_con_violaciones,44,0,verificado_con_violaciones,0,verificado_sin_violaciones,no_aplica,no_aplica,no_aplica,no_aplica,no_verificado,44,44,0.189655,false
omission,2pc,50,4,2026-09-06T21:42:42.003000+00:00,2026-09-06T21:48:24.265000+00:00,366,46,0,0,verificado_con_violaciones,46,0,verificado_con_violaciones,0,verificado_sin_violaciones,no_aplica,no_aplica,no_aplica,no_aplica,no_verificado,46,46,0.125683,false
omission,2pc,100,4,2026-09-06T21:52:24.383000+00:00,2026-09-06T21:58:24.670000+00:00,389,39,0,0,verificado_con_violaciones,39,0,verificado_con_violaciones,0,verificado_sin_violaciones,no_aplica,no_aplica,no_aplica,no_aplica,no_verificado,39,39,0.100257,false
omission,2pc,200,4,2026-09-06T22:04:20.357000+00:00,2026-09-06T22:10:56.419000+00:00,395,121,0,0,verificado_con_violaciones,121,0,verificado_con_violaciones,0,verificado_sin_violaciones,no_aplica,no_aplica,no_aplica,no_aplica,no_verificado,121,121,0.306329,false
omission,2pc,400,4,2026-09-06T22:18:45.480000+00:00,2026-09-06T22:25:21.622000+00:00,178,62,0,0,verificado_con_violaciones,62,0,verificado_con_violaciones,0,verificado_sin_violaciones,no_aplica,no_aplica,no_aplica,no_aplica,no_verificado,62,62,0.348315,false
timing,2pc,50,4,2026-09-06T22:28:08.203000+00:00,2026-09-06T22:33:44.516000+00:00,365,0,0,0,verificado_sin_violaciones,0,0,verificado_sin_violaciones,0,verificado_sin_violaciones,no_aplica,no_aplica,no_aplica,no_aplica,no_verificado,0,0,0.0,no_verificado
timing,2pc,100,4,2026-09-06T22:37:53.482000+00:00,2026-09-06T22:44:01.670000+00:00,349,16,0,0,verificado_con_violaciones,16,0,verificado_con_violaciones,0,verificado_sin_violaciones,no_aplica,no_aplica,no_aplica,no_aplica,no_verificado,16,16,0.045845,false
timing,2pc,200,4,2026-09-06T22:49:39.146000+00:00,2026-09-06T22:55:44.920000+00:00,250,59,0,0,verificado_con_violaciones,59,0,verificado_con_violaciones,0,verificado_sin_violaciones,no_aplica,no_aplica,no_aplica,no_aplica,no_verificado,59,59,0.236,false
timing,2pc,400,4,2026-09-06T23:03:44.778000+00:00,2026-09-06T23:10:21.086000+00:00,158,69,0,0,verificado_con_violaciones,69,0,verificado_con_violaciones,0,verificado_sin_violaciones,no_aplica,no_aplica,no_aplica,no_aplica,no_verificado,69,69,0.436709,false
none,saga,50,4,2026-09-06T23:13:31.676000+00:00,2026-09-06T23:19:11.905000+00:00,444,0,0,0,verificado_sin_violaciones,88,0,verificado_con_violaciones,0,verificado_sin_violaciones,355,89,27450875.675,verificado_parcial_con_pendientes,no_verificado,88,88,0.198198,false
none,saga,100,4,2026-09-06T23:23:02.552000+00:00,2026-09-06T23:29:08.567000+00:00,459,2,0,0,verificado_con_violaciones,459,0,verificado_con_violaciones,0,verificado_sin_violaciones,0,457,no_verificado,no_verificado,no_verificado,459,459,1.0,false
none,saga,200,4,2026-09-06T23:34:47.718000+00:00,2026-09-06T23:41:01.603000+00:00,296,52,0,0,verificado_con_violaciones,296,0,verificado_con_violaciones,0,verificado_sin_violaciones,0,244,no_verificado,no_verificado,no_verificado,296,296,1.0,false
none,saga,400,4,2026-09-06T23:48:59.130000+00:00,2026-09-06T23:55:35.717000+00:00,239,42,0,0,verificado_con_violaciones,239,0,verificado_con_violaciones,0,verificado_sin_violaciones,0,197,no_verificado,no_verificado,no_verificado,239,239,1.0,false
omission,saga,50,4,2026-09-06T23:58:33.028000+00:00,2026-09-07T00:04:17.107000+00:00,437,94,0,0,verificado_con_violaciones,437,0,verificado_con_violaciones,0,verificado_sin_violaciones,0,343,no_verificado,no_verificado,no_verificado,437,437,1.0,false
omission,saga,100,4,2026-09-07T00:08:16.231000+00:00,2026-09-07T00:14:23.449000+00:00,444,38,0,0,verificado_con_violaciones,444,0,verificado_con_violaciones,0,verificado_sin_violaciones,0,406,no_verificado,no_verificado,no_verificado,444,444,1.0,false
omission,saga,200,4,2026-09-07T00:19:37.799000+00:00,2026-09-07T00:25:54.963000+00:00,409,143,0,0,verificado_con_violaciones,409,0,verificado_con_violaciones,0,verificado_sin_violaciones,0,266,no_verificado,no_verificado,no_verificado,409,409,1.0,false
omission,saga,400,4,2026-09-07T00:33:54.593000+00:00,2026-09-07T00:40:30.729000+00:00,234,140,0,0,verificado_con_violaciones,234,0,verificado_con_violaciones,0,verificado_sin_violaciones,0,94,no_verificado,no_verificado,no_verificado,234,234,1.0,false
timing,saga,50,4,2026-09-07T00:43:18.790000+00:00,2026-09-07T00:49:00.159000+00:00,368,0,0,0,verificado_sin_violaciones,368,0,verificado_con_violaciones,0,verificado_sin_violaciones,0,368,no_verificado,no_verificado,no_verificado,368,368,1.0,false
timing,saga,100,4,2026-09-07T00:53:03.291000+00:00,2026-09-07T00:59:17.295000+00:00,414,1,0,0,verificado_con_violaciones,414,0,verificado_con_violaciones,0,verificado_sin_violaciones,0,413,no_verificado,no_verificado,no_verificado,414,414,1.0,false
timing,saga,200,4,2026-09-07T01:04:54.756000+00:00,2026-09-07T01:11:23.948000+00:00,461,75,0,0,verificado_con_violaciones,461,0,verificado_con_violaciones,0,verificado_sin_violaciones,0,386,no_verificado,no_verificado,no_verificado,461,461,1.0,false
timing,saga,400,4,2026-09-07T01:19:41.166000+00:00,2026-09-07T01:26:17.413000+00:00,231,107,0,0,verificado_con_violaciones,231,0,verificado_con_violaciones,0,verificado_sin_violaciones,0,124,no_verificado,no_verificado,no_verificado,231,231,1.0,false
none,2pc,50,5,2026-09-07T01:29:19.423000+00:00,2026-09-07T01:34:59.338000+00:00,316,0,0,0,verificado_sin_violaciones,0,0,verificado_sin_violaciones,0,verificado_sin_violaciones,no_aplica,no_aplica,no_aplica,no_aplica,no_verificado,0,0,0.0,no_verificado
none,2pc,100,5,2026-09-07T01:38:53.111000+00:00,2026-09-07T01:44:52.845000+00:00,365,28,0,0,verificado_con_violaciones,36,0,verificado_con_violaciones,0,verificado_sin_violaciones,no_aplica,no_aplica,no_aplica,no_aplica,no_verificado,36,36,0.09863,false
none,2pc,200,5,2026-09-07T01:50:35.736000+00:00,2026-09-07T01:57:11.776000+00:00,356,103,0,0,verificado_con_violaciones,108,0,verificado_con_violaciones,0,verificado_sin_violaciones,no_aplica,no_aplica,no_aplica,no_aplica,no_verificado,108,108,0.303371,false
none,2pc,400,5,2026-09-07T02:05:14.269000+00:00,2026-09-07T02:11:50.517000+00:00,189,48,0,0,verificado_con_violaciones,54,0,verificado_con_violaciones,0,verificado_sin_violaciones,no_aplica,no_aplica,no_aplica,no_aplica,no_verificado,54,54,0.285714,false
omission,2pc,50,5,2026-09-07T02:14:45.644000+00:00,2026-09-07T02:20:18.389000+00:00,301,22,0,0,verificado_con_violaciones,22,0,verificado_con_violaciones,0,verificado_sin_violaciones,no_aplica,no_aplica,no_aplica,no_aplica,no_verificado,22,22,0.07309,false
omission,2pc,100,5,2026-09-07T02:24:13.605000+00:00,2026-09-07T02:30:00.461000+00:00,381,35,0,0,verificado_con_violaciones,35,0,verificado_con_violaciones,0,verificado_sin_violaciones,no_aplica,no_aplica,no_aplica,no_aplica,no_verificado,35,35,0.091864,false
omission,2pc,200,5,2026-09-07T02:35:41.593000+00:00,2026-09-07T02:41:59.774000+00:00,336,134,0,0,verificado_con_violaciones,134,0,verificado_con_violaciones,0,verificado_sin_violaciones,no_aplica,no_aplica,no_aplica,no_aplica,no_verificado,134,134,0.39881,false
omission,2pc,400,5,2026-09-07T02:50:28.959000+00:00,2026-09-07T02:57:05.136000+00:00,315,84,0,0,verificado_con_violaciones,126,0,verificado_con_violaciones,0,verificado_sin_violaciones,no_aplica,no_aplica,no_aplica,no_aplica,no_verificado,126,126,0.4,false
timing,2pc,50,5,2026-09-07T03:00:03.829000+00:00,2026-09-07T03:05:50.994000+00:00,365,0,0,0,verificado_sin_violaciones,0,0,verificado_sin_violaciones,0,verificado_sin_violaciones,no_aplica,no_aplica,no_aplica,no_aplica,no_verificado,0,0,0.0,no_verificado
timing,2pc,100,5,2026-09-07T03:09:50.675000+00:00,2026-09-07T03:16:20.603000+00:00,379,0,0,0,verificado_sin_violaciones,0,0,verificado_sin_violaciones,0,verificado_sin_violaciones,no_aplica,no_aplica,no_aplica,no_aplica,no_verificado,0,0,0.0,no_verificado
timing,2pc,200,5,2026-09-07T03:22:03.811000+00:00,2026-09-07T03:28:28.309000+00:00,329,127,0,0,verificado_con_violaciones,127,0,verificado_con_violaciones,0,verificado_sin_violaciones,no_aplica,no_aplica,no_aplica,no_aplica,no_verificado,127,127,0.386018,false
timing,2pc,400,5,2026-09-07T03:36:26.858000+00:00,2026-09-07T03:43:03.001000+00:00,233,44,0,0,verificado_con_violaciones,44,0,verificado_con_violaciones,0,verificado_sin_violaciones,no_aplica,no_aplica,no_aplica,no_aplica,no_verificado,44,44,0.188841,false
none,saga,50,5,2026-09-07T03:45:56.828000+00:00,2026-09-07T03:51:26.570000+00:00,343,0,0,0,verificado_sin_violaciones,343,0,verificado_con_violaciones,0,verificado_sin_violaciones,0,343,no_verificado,no_verificado,no_verificado,343,343,1.0,false
none,saga,100,5,2026-09-07T03:55:14.899000+00:00,2026-09-07T04:01:08.120000+00:00,419,0,0,0,verificado_sin_violaciones,419,0,verificado_con_violaciones,0,verificado_sin_violaciones,0,419,no_verificado,no_verificado,no_verificado,419,419,1.0,false
none,saga,200,5,2026-09-07T04:06:51.924000+00:00,2026-09-07T04:13:19.363000+00:00,364,86,0,0,verificado_con_violaciones,364,0,verificado_con_violaciones,0,verificado_sin_violaciones,0,278,no_verificado,no_verificado,no_verificado,364,364,1.0,false
none,saga,400,5,2026-09-07T04:21:22.006000+00:00,2026-09-07T04:27:46.186000+00:00,27,0,0,0,verificado_sin_violaciones,27,0,verificado_con_violaciones,0,verificado_sin_violaciones,0,27,no_verificado,no_verificado,no_verificado,27,27,1.0,false
omission,saga,50,5,2026-09-07T04:33:22.852000+00:00,2026-09-07T04:38:55.879000+00:00,255,30,0,0,verificado_con_violaciones,255,0,verificado_con_violaciones,0,verificado_sin_violaciones,0,225,no_verificado,no_verificado,no_verificado,255,255,1.0,false
omission,saga,100,5,2026-09-07T04:42:49.887000+00:00,2026-09-07T04:48:53.607000+00:00,425,80,0,0,verificado_con_violaciones,425,0,verificado_con_violaciones,0,verificado_sin_violaciones,0,345,no_verificado,no_verificado,no_verificado,425,425,1.0,false
omission,saga,200,5,2026-09-07T04:54:27.725000+00:00,2026-09-07T05:00:51.369000+00:00,390,130,0,0,verificado_con_violaciones,390,0,verificado_con_violaciones,0,verificado_sin_violaciones,0,260,no_verificado,no_verificado,no_verificado,390,390,1.0,false
omission,saga,400,5,2026-09-07T05:08:46.866000+00:00,2026-09-07T05:15:22.961000+00:00,232,81,0,0,verificado_con_violaciones,232,0,verificado_con_violaciones,0,verificado_sin_violaciones,0,151,no_verificado,no_verificado,no_verificado,232,232,1.0,false
timing,saga,50,5,2026-09-07T05:18:20.308000+00:00,2026-09-07T05:23:49.044000+00:00,395,0,0,0,verificado_sin_violaciones,395,0,verificado_con_violaciones,0,verificado_sin_violaciones,0,395,no_verificado,no_verificado,no_verificado,395,395,1.0,false
timing,saga,100,5,2026-09-07T05:27:59.859000+00:00,2026-09-07T05:33:57.257000+00:00,409,0,0,0,verificado_sin_violaciones,409,0,verificado_con_violaciones,0,verificado_sin_violaciones,0,409,no_verificado,no_verificado,no_verificado,409,409,1.0,false
timing,saga,200,5,2026-09-07T05:39:25.652000+00:00,2026-09-07T05:45:54.464000+00:00,385,57,0,0,verificado_con_violaciones,385,0,verificado_con_violaciones,0,verificado_sin_violaciones,0,328,no_verificado,no_verificado,no_verificado,385,385,1.0,false
timing,saga,400,5,2026-09-07T05:53:57.579000+00:00,2026-09-07T06:00:33.813000+00:00,239,40,0,0,verificado_con_violaciones,239,0,verificado_con_violaciones,0,verificado_sin_violaciones,0,199,no_verificado,no_verificado,no_verificado,239,239,1.0,false
