fallo,coord,concurrencia,repeticiones_total,metrica,unidad,n_valido,mediana,ic95_inf,ic95_sup,metodo_ic95,estado
none,2pc,50,5,latencia_p95_ms,ms,5,37000.0,32000.0,47000.0,bootstrap_percentil_20000,calculado
none,2pc,50,5,throughput_rps,requests/s,5,2.664199,2.023902,2.703358,bootstrap_percentil_20000,calculado
none,2pc,50,5,tasa_confirmacion_checkout,proporcion,5,1.0,1.0,1.0,bootstrap_percentil_20000,calculado
none,2pc,50,5,tasa_abortos_checkout,proporcion,5,0.0,0.0,0.0,bootstrap_percentil_20000,calculado
none,2pc,50,5,inconsistencias,ordenes_o_eventos,5,0.0,0.0,0.0,bootstrap_percentil_20000,calculado
none,2pc,50,5,tasa_inconsistencia,proporcion,5,0.0,0.0,0.0,bootstrap_percentil_20000,calculado
none,2pc,50,5,convergencia_compensacion_ms,ms,0,no_verificado,no_verificado,no_verificado,no_verificado,no_verificado
none,saga,50,5,latencia_p95_ms,ms,5,30000.0,29000.0,35000.0,bootstrap_percentil_20000,calculado
none,saga,50,5,throughput_rps,requests/s,5,2.769337,2.604168,2.884984,bootstrap_percentil_20000,calculado
none,saga,50,5,tasa_confirmacion_checkout,proporcion,5,0.952261,0.843137,1.0,bootstrap_percentil_20000,calculado
none,saga,50,5,tasa_abortos_checkout,proporcion,5,0.047739,0.0,0.156863,bootstrap_percentil_20000,calculado
none,saga,50,5,inconsistencias,ordenes_o_eventos,5,0.0,0.0,343.0,bootstrap_percentil_20000,calculado
none,saga,50,5,tasa_inconsistencia,proporcion,5,0.0,0.0,1.0,bootstrap_percentil_20000,calculado
none,saga,50,5,convergencia_compensacion_ms,ms,4,16105160.033,784369.067,27450875.675,bootstrap_percentil_20000,calculado
none,2pc,100,5,latencia_p95_ms,ms,5,66000.0,62000.0,86000.0,bootstrap_percentil_20000,calculado
none,2pc,100,5,throughput_rps,requests/s,5,2.628649,2.360132,2.837708,bootstrap_percentil_20000,calculado
none,2pc,100,5,tasa_confirmacion_checkout,proporcion,5,0.967742,0.79235,0.982885,bootstrap_percentil_20000,calculado
none,2pc,100,5,tasa_abortos_checkout,proporcion,5,0.032258,0.017115,0.20765,bootstrap_percentil_20000,calculado
none,2pc,100,5,inconsistencias,ordenes_o_eventos,5,2.0,1.0,36.0,bootstrap_percentil_20000,calculado
none,2pc,100,5,tasa_inconsistencia,proporcion,5,0.005013,0.002463,0.09863,bootstrap_percentil_20000,calculado
none,2pc,100,5,convergencia_compensacion_ms,ms,0,no_verificado,no_verificado,no_verificado,no_verificado,no_verificado
none,saga,100,5,latencia_p95_ms,ms,5,59000.0,55000.0,65000.0,bootstrap_percentil_20000,calculado
none,saga,100,5,throughput_rps,requests/s,5,2.841999,2.527705,2.986122,bootstrap_percentil_20000,calculado
none,saga,100,5,tasa_confirmacion_checkout,proporcion,5,0.98301,0.95815,0.995181,bootstrap_percentil_20000,calculado
none,saga,100,5,tasa_abortos_checkout,proporcion,5,0.01699,0.004819,0.04185,bootstrap_percentil_20000,calculado
none,saga,100,5,inconsistencias,ordenes_o_eventos,5,10.0,2.0,459.0,bootstrap_percentil_20000,calculado
none,saga,100,5,tasa_inconsistencia,proporcion,5,0.021186,0.004535,1.0,bootstrap_percentil_20000,calculado
none,saga,100,5,convergencia_compensacion_ms,ms,3,13718886.608,2326755.758,22365714.723,bootstrap_percentil_20000,calculado
none,2pc,200,5,latencia_p95_ms,ms,5,90000.0,89000.0,90000.0,bootstrap_percentil_20000,calculado
none,2pc,200,5,throughput_rps,requests/s,5,4.011146,3.615823,4.185232,bootstrap_percentil_20000,calculado
none,2pc,200,5,tasa_confirmacion_checkout,proporcion,5,0.369048,0.289421,0.52975,bootstrap_percentil_20000,calculado
none,2pc,200,5,tasa_abortos_checkout,proporcion,5,0.630952,0.47025,0.710579,bootstrap_percentil_20000,calculado
none,2pc,200,5,inconsistencias,ordenes_o_eventos,5,75.0,54.0,108.0,bootstrap_percentil_20000,calculado
none,2pc,200,5,tasa_inconsistencia,proporcion,5,0.18797,0.165138,0.303371,bootstrap_percentil_20000,calculado
none,2pc,200,5,convergencia_compensacion_ms,ms,0,no_verificado,no_verificado,no_verificado,no_verificado,no_verificado
none,saga,200,5,latencia_p95_ms,ms,5,90000.0,84000.0,90000.0,bootstrap_percentil_20000,calculado
none,saga,200,5,throughput_rps,requests/s,5,3.960419,3.935438,4.000837,bootstrap_percentil_20000,calculado
none,saga,200,5,tasa_confirmacion_checkout,proporcion,5,0.461066,0.332653,0.612142,bootstrap_percentil_20000,calculado
none,saga,200,5,tasa_abortos_checkout,proporcion,5,0.538934,0.387858,0.667347,bootstrap_percentil_20000,calculado
none,saga,200,5,inconsistencias,ordenes_o_eventos,5,119.0,48.0,364.0,bootstrap_percentil_20000,calculado
none,saga,200,5,tasa_inconsistencia,proporcion,5,0.363914,0.120603,1.0,bootstrap_percentil_20000,calculado
none,saga,200,5,convergencia_compensacion_ms,ms,3,15752165.093,4263212.966,24139745.97,bootstrap_percentil_20000,calculado
none,2pc,400,5,latencia_p95_ms,ms,5,92000.0,90000.0,92000.0,bootstrap_percentil_20000,calculado
none,2pc,400,5,throughput_rps,requests/s,5,8.963868,7.661444,11.308461,bootstrap_percentil_20000,calculado
none,2pc,400,5,tasa_confirmacion_checkout,proporcion,5,0.065217,0.056657,0.18,bootstrap_percentil_20000,calculado
none,2pc,400,5,tasa_abortos_checkout,proporcion,5,0.934783,0.82,0.943343,bootstrap_percentil_20000,calculado
none,2pc,400,5,inconsistencias,ordenes_o_eventos,5,44.0,38.0,54.0,bootstrap_percentil_20000,calculado
none,2pc,400,5,tasa_inconsistencia,proporcion,5,0.189655,0.122186,0.285714,bootstrap_percentil_20000,calculado
none,2pc,400,5,convergencia_compensacion_ms,ms,0,no_verificado,no_verificado,no_verificado,no_verificado,no_verificado
none,saga,400,5,latencia_p95_ms,ms,5,91000.0,83000.0,92000.0,bootstrap_percentil_20000,calculado
none,saga,400,5,throughput_rps,requests/s,5,9.323551,8.276557,10.209378,bootstrap_percentil_20000,calculado
none,saga,400,5,tasa_confirmacion_checkout,proporcion,5,0.107143,0.055556,0.62069,bootstrap_percentil_20000,calculado
none,saga,400,5,tasa_abortos_checkout,proporcion,5,0.892857,0.37931,0.944444,bootstrap_percentil_20000,calculado
none,saga,400,5,inconsistencias,ordenes_o_eventos,5,50.0,27.0,239.0,bootstrap_percentil_20000,calculado
none,saga,400,5,tasa_inconsistencia,proporcion,5,0.15873,0.125436,1.0,bootstrap_percentil_20000,calculado
none,saga,400,5,convergencia_compensacion_ms,ms,3,16956211.666,5630062.736,24783758.058,bootstrap_percentil_20000,calculado
omission,2pc,50,5,latencia_p95_ms,ms,5,36000.0,32000.0,42000.0,bootstrap_percentil_20000,calculado
omission,2pc,50,5,throughput_rps,requests/s,5,2.552984,2.156328,2.735541,bootstrap_percentil_20000,calculado
omission,2pc,50,5,tasa_confirmacion_checkout,proporcion,5,0.829837,0.822622,0.92033,bootstrap_percentil_20000,calculado
omission,2pc,50,5,tasa_abortos_checkout,proporcion,5,0.170163,0.07967,0.177378,bootstrap_percentil_20000,calculado
omission,2pc,50,5,inconsistencias,ordenes_o_eventos,5,42.0,22.0,73.0,bootstrap_percentil_20000,calculado
omission,2pc,50,5,tasa_inconsistencia,proporcion,5,0.115385,0.07309,0.169767,bootstrap_percentil_20000,calculado
omission,2pc,50,5,convergencia_compensacion_ms,ms,0,no_verificado,no_verificado,no_verificado,no_verificado,no_verificado
omission,saga,50,5,latencia_p95_ms,ms,5,33000.0,27000.0,59000.0,bootstrap_percentil_20000,calculado
omission,saga,50,5,throughput_rps,requests/s,5,2.505759,1.827446,3.022678,bootstrap_percentil_20000,calculado
omission,saga,50,5,tasa_confirmacion_checkout,proporcion,5,0.851948,0.786697,0.902128,bootstrap_percentil_20000,calculado
omission,saga,50,5,tasa_abortos_checkout,proporcion,5,0.148052,0.097872,0.213303,bootstrap_percentil_20000,calculado
omission,saga,50,5,inconsistencias,ordenes_o_eventos,5,60.0,39.0,437.0,bootstrap_percentil_20000,calculado
omission,saga,50,5,tasa_inconsistencia,proporcion,5,0.15544,0.101828,1.0,bootstrap_percentil_20000,calculado
omission,saga,50,5,convergencia_compensacion_ms,ms,3,18032364.074,7247437.402,26254880.678,bootstrap_percentil_20000,calculado
omission,2pc,100,5,latencia_p95_ms,ms,5,68000.0,65000.0,73000.0,bootstrap_percentil_20000,calculado
omission,2pc,100,5,throughput_rps,requests/s,5,2.613715,2.458488,2.629502,bootstrap_percentil_20000,calculado
omission,2pc,100,5,tasa_confirmacion_checkout,proporcion,5,0.862338,0.785714,0.896882,bootstrap_percentil_20000,calculado
omission,2pc,100,5,tasa_abortos_checkout,proporcion,5,0.137662,0.103118,0.214286,bootstrap_percentil_20000,calculado
omission,2pc,100,5,inconsistencias,ordenes_o_eventos,5,40.0,35.0,68.0,bootstrap_percentil_20000,calculado
omission,2pc,100,5,tasa_inconsistencia,proporcion,5,0.100257,0.091864,0.174359,bootstrap_percentil_20000,calculado
omission,2pc,100,5,convergencia_compensacion_ms,ms,0,no_verificado,no_verificado,no_verificado,no_verificado,no_verificado
omission,saga,100,5,latencia_p95_ms,ms,5,60000.0,55000.0,82000.0,bootstrap_percentil_20000,calculado
omission,saga,100,5,throughput_rps,requests/s,5,2.711692,2.21891,2.943922,bootstrap_percentil_20000,calculado
omission,saga,100,5,tasa_confirmacion_checkout,proporcion,5,0.884368,0.806147,0.911765,bootstrap_percentil_20000,calculado
omission,saga,100,5,tasa_abortos_checkout,proporcion,5,0.115632,0.088235,0.193853,bootstrap_percentil_20000,calculado
omission,saga,100,5,inconsistencias,ordenes_o_eventos,5,49.0,45.0,444.0,bootstrap_percentil_20000,calculado
omission,saga,100,5,tasa_inconsistencia,proporcion,5,0.138889,0.106061,1.0,bootstrap_percentil_20000,calculado
omission,saga,100,5,convergencia_compensacion_ms,ms,3,19531950.862,9209126.188,28038211.801,bootstrap_percentil_20000,calculado
omission,2pc,200,5,latencia_p95_ms,ms,5,90000.0,90000.0,90000.0,bootstrap_percentil_20000,calculado
omission,2pc,200,5,throughput_rps,requests/s,5,3.659513,3.520051,4.068127,bootstrap_percentil_20000,calculado
omission,2pc,200,5,tasa_confirmacion_checkout,proporcion,5,0.366606,0.293869,0.422222,bootstrap_percentil_20000,calculado
omission,2pc,200,5,tasa_abortos_checkout,proporcion,5,0.633394,0.577778,0.706131,bootstrap_percentil_20000,calculado
omission,2pc,200,5,inconsistencias,ordenes_o_eventos,5,122.0,112.0,138.0,bootstrap_percentil_20000,calculado
omission,2pc,200,5,tasa_inconsistencia,proporcion,5,0.306329,0.272321,0.39881,bootstrap_percentil_20000,calculado
omission,2pc,200,5,convergencia_compensacion_ms,ms,0,no_verificado,no_verificado,no_verificado,no_verificado,no_verificado
omission,saga,200,5,latencia_p95_ms,ms,5,86000.0,83000.0,90000.0,bootstrap_percentil_20000,calculado
omission,saga,200,5,throughput_rps,requests/s,5,3.938606,3.747854,4.040562,bootstrap_percentil_20000,calculado
omission,saga,200,5,tasa_confirmacion_checkout,proporcion,5,0.416667,0.38574,0.528523,bootstrap_percentil_20000,calculado
omission,saga,200,5,tasa_abortos_checkout,proporcion,5,0.583333,0.471477,0.61426,bootstrap_percentil_20000,calculado
omission,saga,200,5,inconsistencias,ordenes_o_eventos,5,193.0,147.0,409.0,bootstrap_percentil_20000,calculado
omission,saga,200,5,tasa_inconsistencia,proporcion,5,0.448837,0.308176,1.0,bootstrap_percentil_20000,calculado
omission,saga,200,5,convergencia_compensacion_ms,ms,3,21126098.912,11148292.912,29167037.291,bootstrap_percentil_20000,calculado
omission,2pc,400,5,latencia_p95_ms,ms,5,92000.0,90000.0,92000.0,bootstrap_percentil_20000,calculado
omission,2pc,400,5,throughput_rps,requests/s,5,8.866954,8.013439,10.382688,bootstrap_percentil_20000,calculado
omission,2pc,400,5,tasa_confirmacion_checkout,proporcion,5,0.089783,0.012295,0.183051,bootstrap_percentil_20000,calculado
omission,2pc,400,5,tasa_abortos_checkout,proporcion,5,0.910217,0.816949,0.987705,bootstrap_percentil_20000,calculado
omission,2pc,400,5,inconsistencias,ordenes_o_eventos,5,75.0,62.0,177.0,bootstrap_percentil_20000,calculado
omission,2pc,400,5,tasa_inconsistencia,proporcion,5,0.348315,0.254237,0.675573,bootstrap_percentil_20000,calculado
omission,2pc,400,5,convergencia_compensacion_ms,ms,0,no_verificado,no_verificado,no_verificado,no_verificado,no_verificado
omission,saga,400,5,latencia_p95_ms,ms,5,92000.0,90000.0,92000.0,bootstrap_percentil_20000,calculado
omission,saga,400,5,throughput_rps,requests/s,5,8.166889,7.564384,9.64533,bootstrap_percentil_20000,calculado
omission,saga,400,5,tasa_confirmacion_checkout,proporcion,5,0.072386,0.029412,0.149871,bootstrap_percentil_20000,calculado
omission,saga,400,5,tasa_abortos_checkout,proporcion,5,0.927614,0.850129,0.970588,bootstrap_percentil_20000,calculado
omission,saga,400,5,inconsistencias,ordenes_o_eventos,5,162.0,83.0,234.0,bootstrap_percentil_20000,calculado
omission,saga,400,5,tasa_inconsistencia,proporcion,5,0.570423,0.324219,1.0,bootstrap_percentil_20000,calculado
omission,saga,400,5,convergencia_compensacion_ms,ms,3,21478060.601,12141161.201,30380923.601,bootstrap_percentil_20000,calculado
timing,2pc,50,5,latencia_p95_ms,ms,5,37000.0,34000.0,41000.0,bootstrap_percentil_20000,calculado
timing,2pc,50,5,throughput_rps,requests/s,5,2.440811,2.210457,2.589494,bootstrap_percentil_20000,calculado
timing,2pc,50,5,tasa_confirmacion_checkout,proporcion,5,1.0,0.940568,1.0,bootstrap_percentil_20000,calculado
timing,2pc,50,5,tasa_abortos_checkout,proporcion,5,0.0,0.0,0.059432,bootstrap_percentil_20000,calculado
timing,2pc,50,5,inconsistencias,ordenes_o_eventos,5,0.0,0.0,0.0,bootstrap_percentil_20000,calculado
timing,2pc,50,5,tasa_inconsistencia,proporcion,5,0.0,0.0,0.0,bootstrap_percentil_20000,calculado
timing,2pc,50,5,convergencia_compensacion_ms,ms,0,no_verificado,no_verificado,no_verificado,no_verificado,no_verificado
timing,saga,50,5,latencia_p95_ms,ms,5,33000.0,27000.0,34000.0,bootstrap_percentil_20000,calculado
timing,saga,50,5,throughput_rps,requests/s,5,2.621777,2.48222,2.928503,bootstrap_percentil_20000,calculado
timing,saga,50,5,tasa_confirmacion_checkout,proporcion,5,1.0,0.957895,1.0,bootstrap_percentil_20000,calculado
timing,saga,50,5,tasa_abortos_checkout,proporcion,5,0.0,0.0,0.042105,bootstrap_percentil_20000,calculado
timing,saga,50,5,inconsistencias,ordenes_o_eventos,5,7.0,0.0,395.0,bootstrap_percentil_20000,calculado
timing,saga,50,5,tasa_inconsistencia,proporcion,5,0.016548,0.0,1.0,bootstrap_percentil_20000,calculado
timing,saga,50,5,convergencia_compensacion_ms,ms,3,23024167.831,13375338.77,31768202.105,bootstrap_percentil_20000,calculado
timing,2pc,100,5,latencia_p95_ms,ms,5,68000.0,64000.0,73000.0,bootstrap_percentil_20000,calculado
timing,2pc,100,5,throughput_rps,requests/s,5,2.564586,2.382635,2.709139,bootstrap_percentil_20000,calculado
timing,2pc,100,5,tasa_confirmacion_checkout,proporcion,5,0.937947,0.78626,0.949749,bootstrap_percentil_20000,calculado
timing,2pc,100,5,tasa_abortos_checkout,proporcion,5,0.062053,0.050251,0.21374,bootstrap_percentil_20000,calculado
timing,2pc,100,5,inconsistencias,ordenes_o_eventos,5,4.0,0.0,16.0,bootstrap_percentil_20000,calculado
timing,2pc,100,5,tasa_inconsistencia,proporcion,5,0.009901,0.0,0.045845,bootstrap_percentil_20000,calculado
timing,2pc,100,5,convergencia_compensacion_ms,ms,0,no_verificado,no_verificado,no_verificado,no_verificado,no_verificado
timing,saga,100,5,latencia_p95_ms,ms,5,60000.0,56000.0,64000.0,bootstrap_percentil_20000,calculado
timing,saga,100,5,throughput_rps,requests/s,5,2.851259,2.535763,3.112822,bootstrap_percentil_20000,calculado
timing,saga,100,5,tasa_confirmacion_checkout,proporcion,5,0.974026,0.940774,0.993814,bootstrap_percentil_20000,calculado
timing,saga,100,5,tasa_abortos_checkout,proporcion,5,0.025974,0.006186,0.059226,bootstrap_percentil_20000,calculado
timing,saga,100,5,inconsistencias,ordenes_o_eventos,5,4.0,1.0,414.0,bootstrap_percentil_20000,calculado
timing,saga,100,5,tasa_inconsistencia,proporcion,5,0.009547,0.002062,1.0,bootstrap_percentil_20000,calculado
timing,saga,100,5,convergencia_compensacion_ms,ms,3,24971123.874,15119778.134,33885285.471,bootstrap_percentil_20000,calculado
timing,2pc,200,5,latencia_p95_ms,ms,5,90000.0,90000.0,90000.0,bootstrap_percentil_20000,calculado
timing,2pc,200,5,throughput_rps,requests/s,5,3.861355,3.603213,4.666719,bootstrap_percentil_20000,calculado
timing,2pc,200,5,tasa_confirmacion_checkout,proporcion,5,0.302,0.230769,0.454728,bootstrap_percentil_20000,calculado
timing,2pc,200,5,tasa_abortos_checkout,proporcion,5,0.698,0.545272,0.769231,bootstrap_percentil_20000,calculado
timing,2pc,200,5,inconsistencias,ordenes_o_eventos,5,98.0,59.0,127.0,bootstrap_percentil_20000,calculado
timing,2pc,200,5,tasa_inconsistencia,proporcion,5,0.262032,0.159091,0.386018,bootstrap_percentil_20000,calculado
timing,2pc,200,5,convergencia_compensacion_ms,ms,0,no_verificado,no_verificado,no_verificado,no_verificado,no_verificado
timing,saga,200,5,latencia_p95_ms,ms,5,89000.0,86000.0,90000.0,bootstrap_percentil_20000,calculado
timing,saga,200,5,throughput_rps,requests/s,5,3.739297,3.614439,3.923641,bootstrap_percentil_20000,calculado
timing,saga,200,5,tasa_confirmacion_checkout,proporcion,5,0.505792,0.411978,0.618962,bootstrap_percentil_20000,calculado
timing,saga,200,5,tasa_abortos_checkout,proporcion,5,0.494208,0.381038,0.588022,bootstrap_percentil_20000,calculado
timing,saga,200,5,inconsistencias,ordenes_o_eventos,5,139.0,81.0,461.0,bootstrap_percentil_20000,calculado
timing,saga,200,5,tasa_inconsistencia,proporcion,5,0.336562,0.183932,1.0,bootstrap_percentil_20000,calculado
timing,saga,200,5,convergencia_compensacion_ms,ms,3,26872868.702,16853757.969,35188389.907,bootstrap_percentil_20000,calculado
timing,2pc,400,5,latencia_p95_ms,ms,5,92000.0,81000.0,92000.0,bootstrap_percentil_20000,calculado
timing,2pc,400,5,throughput_rps,requests/s,5,8.631584,7.673964,12.768427,bootstrap_percentil_20000,calculado
timing,2pc,400,5,tasa_confirmacion_checkout,proporcion,5,0.107256,0.050388,0.169611,bootstrap_percentil_20000,calculado
timing,2pc,400,5,tasa_abortos_checkout,proporcion,5,0.892744,0.830389,0.949612,bootstrap_percentil_20000,calculado
timing,2pc,400,5,inconsistencias,ordenes_o_eventos,5,69.0,44.0,109.0,bootstrap_percentil_20000,calculado
timing,2pc,400,5,tasa_inconsistencia,proporcion,5,0.263538,0.188841,0.436709,bootstrap_percentil_20000,calculado
timing,2pc,400,5,convergencia_compensacion_ms,ms,0,no_verificado,no_verificado,no_verificado,no_verificado,no_verificado
timing,saga,400,5,latencia_p95_ms,ms,5,90000.0,90000.0,92000.0,bootstrap_percentil_20000,calculado
timing,saga,400,5,throughput_rps,requests/s,5,10.137338,8.351684,11.231389,bootstrap_percentil_20000,calculado
timing,saga,400,5,tasa_confirmacion_checkout,proporcion,5,0.131148,0.039344,0.198529,bootstrap_percentil_20000,calculado
timing,saga,400,5,tasa_abortos_checkout,proporcion,5,0.868852,0.801471,0.960656,bootstrap_percentil_20000,calculado
timing,saga,400,5,inconsistencias,ordenes_o_eventos,5,118.0,67.0,239.0,bootstrap_percentil_20000,calculado
timing,saga,400,5,tasa_inconsistencia,proporcion,5,0.380645,0.234266,1.0,bootstrap_percentil_20000,calculado
timing,saga,400,5,convergencia_compensacion_ms,ms,3,27854724.785,18294803.658,35554122.71,bootstrap_percentil_20000,calculado
